,date,new_cases,d_s_pos,d_s_neg,total,por_pos,por_neg,pos_strength,neg_strength
145,15-06-2020,11.68139316539228,0.087144621,0.912855379,9.928619093,-1.045848082,0.091037661,-0.09114003472946693,0.08310421853542853
146,16-06-2020,11.861086266243635,0.101282511,0.898717489,9.866408544,-0.475819341,-0.095505574,-0.04819217763884526,-0.08583252965078368
147,17-06-2020,11.882818661610974,0.104306025,0.895693975,9.773094089,0.159530113,-0.10268214,0.016639951954830826,-0.0919717741381065
148,18-06-2020,11.85425730314879,0.091391791,0.908608209,9.819834168,1.129130505,0.284985047,0.10319325912468445,0.25893975314645085
149,19-06-2020,12.10176157900792,0.095294167,0.904705833,9.686139674,0.196210943,-1.087373102,0.01869775836946948,-0.9837527880267039
150,20-06-2020,11.968158037312284,0.089637748,0.910362252,9.519955154,0.139589172,0.33502285,0.012512459023264658,0.3049921561974582
151,21-06-2020,11.766458541341382,0.101908026,0.898091974,9.67199676,1.15887992,0.912808136,0.11809916501823792,0.8197856607435005
152,22-06-2020,11.83647166199102,0.102149161,0.897850839,9.801233318,-0.252874721,0.654954029,-0.025830940588259084,0.5880510244440803
153,23-06-2020,12.02595266349106,0.095473398,0.904526602,10.09893097,0.336063689,-0.438672288,0.03208514233324522,-0.3967907540562054
154,24-06-2020,12.060532290237614,0.082158825,0.917841175,10.08859689,0.602235563,-0.122349077,0.04947896622929348,-0.11229702059384547
155,25-06-2020,12.092002085101862,0.081486832,0.918513168,10.30501157,0.499363517,-0.45192081,0.04069155101670814,-0.4150952148782261
156,26-06-2020,12.163859058193625,0.088777717,0.911222283,10.28759282,0.676159102,0.440710278,0.060027861404330134,0.4015850256607247
157,27-06-2020,12.093788214799524,0.090639443,0.909360557,10.11944535,-0.265466972,-0.217251705,-0.0240617784769766,-0.19756013146799967
158,28-06-2020,12.013864375859384,0.101385449,0.898614551,10.11176109,1.025472828,0.495877028,0.10396802310407978,0.4456023128674344
159,29-06-2020,11.941664293338109,0.095148241,0.904851759,10.10438549,-0.061862325,-0.581397365,-0.005886091407920325,-0.5260784283982151
160,30-06-2020,12.08016922864102,0.100902946,0.899097054,10.09728468,0.56999416,0.588516776,0.05751408994679536,0.5291336995311778
161,01-07-2020,12.288969737109644,0.090014194,0.909985806,10.33970816,0.493562959,-0.06550681,0.04442767194264005,-0.05961026729633886
162,02-07-2020,12.253552427714496,0.098130644,0.901869356,10.20207247,-0.00555507,-0.197412599,-0.00054512259656508,-0.17804037352641622
163,03-07-2020,12.21981281556503,0.088486311,0.911513689,10.06108941,0.765274377,-0.545047437,0.06771630652355325,-0.4968181999798651
164,04-07-2020,12.190908245010402,0.091603612,0.908396388,9.997433165,0.698414489,-1.601669612,0.06397728986553428,-1.4549508903101616
165,05-07-2020,12.12104294009545,0.107036524,0.892963476,10.08510053,-0.096008775,-0.07243031,-0.0102764455494981,-0.06467762138535756
166,06-07-2020,12.005088011905706,0.074222707,0.925777293,8.689801056,0.463033039,1.124340659,0.03436756558501657,1.040889051698856
167,07-07-2020,12.253566732058486,0.085832251,0.914167749,10.10418098,-1.29978533,0.226647053,-0.11156350069067783,0.20719342625849368
168,08-07-2020,12.272810309280064,0.0,0.0,0.0,0.0,0.0,0.0,0.0
169,09-07-2020,12.32352229228532,0.0,0.0,0.0,0.0,0.0,0.0,0.0
170,10-07-2020,12.357479564686368,0.05986508,0.94013492,10.46415992,-0.415925872,-0.418079869,-0.02489943560134976,-0.39305148419592545
171,11-07-2020,12.291263616585898,0.081021341,0.918978659,10.30092049,0.511722013,-0.315003073,0.04146040371247943,-0.2894811016064191
172,12-07-2020,12.178254277853348,0.085562378,0.914437622,10.38877996,-0.106011418,0.373748163,-0.009070589019232004,0.34176938140058843
173,13-07-2020,12.15465302737464,0.090603217,0.909396783,10.2653142,-1.142238175,-0.096862451,-0.10349045323520897,-0.08808640133289514
174,14-07-2020,12.304985419102817,0.094178639,0.905821361,10.36486029,0.569992648,-0.773092704,0.053681131828646075,-0.7002838853164501
175,15-07-2020,12.350008473807463,0.094657437,0.905342563,10.17945123,0.420945598,1.143909514,0.03984563142311232,1.0356299712448445
176,16-07-2020,12.43662071560875,0.101872692,0.898127308,10.10875222,0.073110199,-1.868109871,0.007447932784785708,-1.6778004894894571
177,17-07-2020,12.39993155701689,0.076322968,0.923677032,10.16923072,-0.560910637,-0.182239759,-0.042810364598610616,-0.16833067970551527
178,18-07-2020,12.377004586196657,0.090478974,0.909521026,9.911604521,-0.204664759,-0.710678097,-0.01851785740827727,-0.6463766719391675
179,19-07-2020,12.27567799608019,0.122571731,0.877428269,10.11399156,-0.364979212,0.147271769,-0.04473613379385597,0.12922041334623785
180,20-07-2020,12.232524685030636,0.119687131,0.880312869,9.85828096,0.113424959,-0.378262876,0.01357550792650263,-0.3329896776077513
181,21-07-2020,12.365603114023314,0.079789284,0.920210716,10.02073711,-0.076507034,-0.584453195,-0.006104441463823656,-0.5378200930394377
182,22-07-2020,12.541951849199243,0.087428479,0.912571521,10.10940356,0.929673253,0.067540894,0.0812799184767722,0.06163589636727978
183,23-07-2020,12.552166304606114,0.099298588,0.900701412,9.042158379,0.650666551,1.300892286,0.06461026977312999,1.1717155188601078
184,24-07-2020,12.549314771791474,0.074522657,0.925477343,9.908574592,1.760714148,-2.076480675,0.13121309652645124,-1.9217358178898465
185,25-07-2020,12.453381841343164,0.080351489,0.919648511,9.877194911,0.0553312,0.923039794,0.0044459443081568,0.8488721721458468
186,26-07-2020,12.275463437836134,0.10072965,0.89927035,10.04966366,0.13150065,0.539578315,0.0132460144492725,0.48522678018246024
187,27-07-2020,12.327484644083832,0.101582469,0.898417531,9.950227998,0.365330923,-0.085886082,0.037111217160388885,-0.07716156173770354
188,28-07-2020,12.429172195876356,0.089455225,0.910544775,9.971706792,-0.263126704,-0.031380754,-0.0235380585098284,-0.028573581590260345
189,29-07-2020,12.57155915336115,0.069462211,0.930537789,10.21866319,0.340066679,0.517037021,0.023621783410767268,0.48112248635248656
190,30-07-2020,12.54350513524649,0.109203843,0.890796157,9.823307335,-0.595349517,-0.305684422,-0.06501445518459384,-0.27230250837236625
191,31-07-2020,12.580342880428942,0.0,0.0,0.0,0.0,0.0,0.0,0.0
192,01-08-2020,12.434760797099734,0.0,0.0,0.0,0.0,0.0,0.0,0.0
193,02-08-2020,12.351859877596157,0.08293698,0.91706302,9.889692842,-0.420407337,-0.069295585,-0.034867314900622254,-0.06354841845276671
194,03-08-2020,12.236757027661168,0.079095768,0.920904232,9.777016888,-0.176060819,-0.754719862,-0.013925665693513991,-0.695024714890256
195,04-08-2020,12.445581550930648,0.087483358,0.912516642,9.964112174,-0.215380904,0.016479329,-0.018842244730995633,0.01503766196149322
196,05-08-2020,12.535448332531084,0.0,0.0,0.0,0.0,0.0,0.0,0.0
197,06-08-2020,12.553219844313825,0.0,0.0,0.0,0.0,0.0,0.0,0.0
198,07-08-2020,12.556708390159606,0.0,0.0,0.0,0.0,0.0,0.0,0.0
199,08-08-2020,12.467101403220738,0.080264081,0.919735919,9.761059559,0.057868855,-0.820743007,0.004644790465097255,-0.7548668238059684
200,09-08-2020,12.332868278775914,0.080180653,0.919819347,9.946882235,-1.246042642,0.497473385,-0.09990851270140523,0.4575856441405796
201,10-08-2020,12.317117474822329,0.0,0.0,0.0,0.0,0.0,0.0,0.0
202,11-08-2020,12.477129786458384,0.0,0.0,0.0,0.0,0.0,0.0,0.0
203,12-08-2020,12.518727779047854,0.090527556,0.909472444,9.841186526,-1.111998294,0.025043793,-0.10066648783198945,0.022776639626740095
204,13-08-2020,12.575620378451536,0.086395685,0.913604315,9.861519068,-0.199474233,0.532494634,-0.017233712999884604,0.4864893953367456
205,14-08-2020,12.622813937832651,0.0,0.0,0.0,0.0,0.0,0.0,0.0
206,15-08-2020,12.431214199507057,0.0,0.0,0.0,0.0,0.0,0.0,0.0
207,16-08-2020,12.280168474753028,0.0,0.0,0.0,0.0,0.0,0.0,0.0
208,17-08-2020,12.238520474396026,0.0,0.0,0.0,0.0,0.0,0.0,0.0
209,18-08-2020,12.453491161256284,0.0,0.0,0.0,0.0,0.0,0.0,0.0
210,19-08-2020,12.5297092857771,0.0,0.0,0.0,0.0,0.0,0.0,0.0
211,20-08-2020,12.517970387584809,0.0,0.0,0.0,0.0,0.0,0.0,0.0
212,21-08-2020,12.472976590039696,0.0,0.0,0.0,0.0,0.0,0.0,0.0
213,22-08-2020,12.489663861828411,0.0,0.0,0.0,0.0,0.0,0.0,0.0
214,23-08-2020,12.2383752529088,0.0,0.0,0.0,0.0,0.0,0.0,0.0
215,24-08-2020,12.31742169407728,0.0,0.0,0.0,0.0,0.0,0.0,0.0
216,25-08-2020,12.407461265041354,0.0,0.0,0.0,0.0,0.0,0.0,0.0
217,26-08-2020,12.550750410250131,0.0,0.0,0.0,0.0,0.0,0.0,0.0
218,27-08-2020,12.55968289809606,0.0,0.0,0.0,0.0,0.0,0.0,0.0
219,28-08-2020,12.55447698209005,0.0,0.0,0.0,0.0,0.0,0.0,0.0
220,29-08-2020,12.488673078293822,0.079994668,0.920005332,8.794521852,-0.290649522,-0.297415685,-0.023250412016748698,-0.2736240160204324
221,30-08-2020,12.308390035574549,0.097851218,0.902148782,9.127719343,-0.311515375,0.162358656,-0.03048215886947675,0.146471663757557
222,31-08-2020,12.46877531427094,0.090708764,0.909291236,9.240190394,-0.210358955,0.727448508,-0.01908140080438162,0.6614625529656759
223,01-09-2020,12.49141698761836,0.096085605,0.903914395,9.307376334,-0.950168437,-0.120106594,-0.09129750912104939,-0.10856607925102063
224,02-09-2020,12.55366143510765,0.0,0.0,0.0,0.0,0.0,0.0,0.0
225,03-09-2020,12.548246454396082,0.12679198,0.87320802,9.093806556,0.333910408,0.879336215,0.04233716177292784,0.7678434352144443
226,04-09-2020,12.658185942876823,0.0,0.0,0.0,0.0,0.0,0.0,0.0
227,05-09-2020,12.507809238875636,0.102190943,0.897809057,9.119977932,-0.380822438,0.074169805,-0.038916604054779036,0.06659032268492389
228,06-09-2020,12.34739858162061,0.118415829,0.881584171,9.0654302,-0.014405345,-0.191463133,-0.001705820870206005,-0.16879086738286775
229,07-09-2020,12.293094022469804,0.106684924,0.893315076,9.083983183,0.22394591,0.84530472,0.02389165238846084,0.7551234501899587
230,08-09-2020,12.390579313229466,0.110115879,0.889884121,9.218110109,0.240549937,-0.61332592,0.02648836775614962,-0.5457889972057163
231,09-09-2020,12.56132808244536,0.103735381,0.896264619,9.157361447,0.170403423,0.53633385,0.017676864008609162,0.4806970537270531
232,10-09-2020,12.610970926355437,0.075375179,0.924624821,9.457356688,0.127629312,0.328501161,0.009620082237646847,0.30374032718791716
233,11-09-2020,12.681461747052246,0.109877273,0.890122727,9.066585468,-0.275996133,-0.421297902,-0.030325702452585306,-0.37500683740761875
234,12-09-2020,12.568122120766354,0.091564953,0.908435047,9.194414221,0.133754196,0.197255913,0.012247196670292788,0.17919418459718292
235,13-09-2020,12.400561545734988,0.105927118,0.894072882,9.133999139,-0.364229322,0.788190822,-0.038581762370553996,0.704700039791489
236,14-09-2020,12.478090167025805,0.116296873,0.883703127,9.096947685,0.668548863,0.598187003,0.0777501422146054,0.5286197250818584
237,15-09-2020,12.561646984024874,0.099428408,0.900571592,9.558246986,0.149125491,-0.116103855,0.014827310162348327,-0.10455983353468717
238,16-09-2020,12.626357398236618,0.0,0.0,0.0,0.0,0.0,0.0,0.0
239,17-09-2020,12.659842085524662,0.0,0.0,0.0,0.0,0.0,0.0,0.0
240,18-09-2020,12.694784553491052,0.0,0.0,0.0,0.0,0.0,0.0,0.0
241,19-09-2020,12.58711527122619,0.0,0.0,0.0,0.0,0.0,0.0,0.0
242,20-09-2020,12.43982373743049,0.097577954,0.902422046,8.499029221,0.481499529,-0.022514612,0.046983738891783665,-0.020317682225936152
243,21-09-2020,12.523096263615283,0.113991044,0.886008956,7.944492164,-0.463006415,0.991587755,-0.05277858462454726,0.8785556315899337
244,22-09-2020,12.559728536711956,0.077907611,0.922092389,9.212138754,0.889732965,-0.260940007,0.06931696973109662,-0.2406107944403067
245,23-09-2020,12.528167014205431,0.091339404,0.908660596,8.93485034,-0.074555341,1.089354279,-0.006809840411956764,0.9898533084112903
246,24-09-2020,12.77600927558612,0.101321218,0.898678782,8.836955157,-0.223259762,0.325749283,-0.022620951016230118,0.29274396888381327
247,25-09-2020,12.71064978813476,0.104319026,0.895680974,9.366916679,0.704718756,0.6438712,0.07351557422985165,0.5767031835465488
248,26-09-2020,12.573915495608038,0.0,0.0,0.0,0.0,0.0,0.0,0.0
249,27-09-2020,12.43716849335171,0.070166376,0.929833624,9.209940292,0.556535637,-0.749489781,0.03905008876314151,-0.6969007992181964
250,28-09-2020,12.445691726858106,0.069780273,0.930219727,9.250618218,0.042754366,-0.823060049,0.002983411331421918,-0.7656266940853865
251,29-09-2020,12.552742707127832,0.0,0.0,0.0,0.0,0.0,0.0,0.0
252,30-09-2020,12.69481215683106,0.0,0.0,0.0,0.0,0.0,0.0,0.0
253,01-10-2020,12.672090215988597,0.0,0.0,0.0,0.0,0.0,0.0,0.0
254,02-10-2020,12.605412365024742,0.114488257,0.885511743,9.45626251,0.020436286,0.24760137,0.0023397147636935022,0.2192539207178879
255,03-10-2020,12.719587649668648,0.087657536,0.912342464,9.315690888,0.087983428,-0.01984183,0.007712410507313408,-0.01810254407246912
256,04-10-2020,12.469586249254188,0.069871651,0.930128349,7.221105098,-0.571613749,-0.611672425,-0.0399395963769296,-0.5689338627940763
257,05-10-2020,12.6096793612297,0.0,0.0,0.0,0.0,0.0,0.0,0.0
258,06-10-2020,12.69497469437989,0.088101499,0.911898501,9.524055621,0.811921365,0.205479705,0.07153148932662613,0.18737663497542223
259,07-10-2020,12.769244958668352,0.0,0.0,0.0,0.0,0.0,0.0,0.0
260,08-10-2020,12.798410051197695,0.099795714,0.900204286,9.221972456,0.501361847,-0.474098112,0.05003376349372375,-0.42678515240690806
261,09-10-2020,12.797347663492294,0.060943621,0.939056379,9.034199674,-0.321108498,-0.400829596,-0.01956951460199126,-0.3764015890157929
262,10-10-2020,12.78753099548613,0.085494969,0.914505031,8.997394646,1.368435748,0.751006868,0.11699437185375182,0.686799559101553
263,11-10-2020,12.570781729164231,0.091069768,0.908930232,9.105646301,-0.427631408,0.333300277,-0.03894429311607334,0.30294669809927427
264,12-10-2020,12.58311770277326,0.093390962,0.906609038,9.056839481,-0.073965454,-0.032418982,-0.006907704903826748,-0.029391342083959316
265,13-10-2020,12.67059880076754,0.0,0.0,0.0,0.0,0.0,0.0,0.0
266,14-10-2020,12.852599805454894,0.0,0.0,0.0,0.0,0.0,0.0,0.0
267,15-10-2020,12.917504144475709,0.099185315,0.900814685,9.109967398,-0.046968576,-0.213118894,-0.00465859300566144,-0.1919806293661584
268,16-10-2020,12.928329498361682,0.0,0.0,0.0,0.0,0.0,0.0,0.0
269,17-10-2020,12.833985062632104,0.0,0.0,0.0,0.0,0.0,0.0,0.0
270,18-10-2020,12.665887040387563,0.0,0.0,0.0,0.0,0.0,0.0,0.0
271,19-10-2020,12.864177969341243,0.099414853,0.900585147,8.91355028,0.783207754,0.740108232,0.07786248373237016,0.6665304809116301
272,20-10-2020,12.8712343605051,0.088351955,0.911648045,9.222466552,-0.827088406,-0.017787522,-0.07307487762793373,-0.01621595965669449
273,21-10-2020,13.005281096162207,0.0,0.0,0.0,0.0,0.0,0.0,0.0
274,22-10-2020,13.065672383718322,0.0,0.0,0.0,0.0,0.0,0.0,0.0
275,23-10-2020,13.11769248575443,0.086467097,0.913532903,9.508517182,0.399504389,0.691285788,0.03454398475558874,0.6315123127142825
276,24-10-2020,13.034122153553891,0.082187746,0.917812254,9.435322233,0.45221149,0.193235539,0.037166243078401544,0.17735394560249493
277,25-10-2020,12.797391952188166,0.0,0.0,0.0,0.0,0.0,0.0,0.0
278,26-10-2020,13.092122702740614,0.096916852,0.903083148,9.514732058,-0.562038094,0.511619768,-0.054470962774560094,0.46203519066446963
279,27-10-2020,13.062010218738438,0.10950077,0.89049923,9.029657472,1.171531335,0.041933833,0.12828358326162795,0.037342045997448586
280,28-10-2020,13.146312298890866,0.094925915,0.905074085,9.517310233,-0.030445098,0.401049591,-0.00289002878491467,0.3629795916139492
281,29-10-2020,13.21893457996696,0.106936998,0.893063002,9.336620538,-0.003872488,0.262775037,-0.000414112241511024,0.23467466339388107
282,30-10-2020,13.257135500004985,0.094170167,0.905829833,9.399223687,-0.337093563,-0.174016318,-0.03174415712233502,-0.15762917227321488
283,31-10-2020,13.07794534153747,0.084846149,0.915153851,9.667955074,1.172873232,-0.78311365,0.09951377700038355,-0.7166694725681662
284,01-11-2020,13.048053538723083,0.108031489,0.891968511,9.20140053,-0.8088542,0.129705987,-0.08738172360990379,0.11569365609217534
285,02-11-2020,13.237998329803176,0.092303303,0.907696697,9.2490802,1.042065561,-0.320284396,0.09618609322284799,-0.29072108834984006
286,03-11-2020,13.22848220547061,0.100608405,0.899391595,9.095714846,0.668615067,0.016398096,0.06726829544983813,0.01474830971640312
287,04-11-2020,13.231228544590335,0.093656147,0.906343853,8.629449874,0.210389232,0.657986648,0.019704244839409104,0.5963621537708746
288,05-11-2020,13.300219981114124,0.0,0.0,0.0,0.0,0.0,0.0,0.0
289,06-11-2020,13.376937376396755,0.068296801,0.931703199,7.845024417,-0.175269161,-0.661457958,-0.011970323010253962,-0.6162824954726076
290,07-11-2020,13.307808384478124,0.089414785,0.910585215,9.222367752,-0.101702376,-0.354519998,-0.009093696084029159,-0.3228206686006296
291,08-11-2020,13.09133287273984,0.104958829,0.895041171,9.183893722,-0.563860178,0.615436292,-0.05918210400261156,0.550840819467578
292,09-11-2020,13.120565762662656,0.104653926,0.895346074,7.122059882,-0.078313375,-0.200732044,-0.00819580215206025,-0.17972464752139525
293,10-11-2020,13.236279390200773,0.0,0.0,0.0,0.0,0.0,0.0,0.0
294,11-11-2020,13.387311991868446,0.0,0.0,0.0,0.0,0.0,0.0,0.0
295,12-11-2020,13.379246493941787,0.0,0.0,0.0,0.0,0.0,0.0,0.0
296,13-11-2020,13.389457974647367,0.0,0.0,0.0,0.0,0.0,0.0,0.0
297,14-11-2020,13.303951331844532,0.0,0.0,0.0,0.0,0.0,0.0,0.0
298,15-11-2020,13.072138985221429,0.101914303,0.898085697,7.906547232,-0.007698871,0.284332022,-0.000784625071851913,0.2553545221572893
299,16-11-2020,13.181654404496127,0.114118011,0.885881989,8.610865667,0.477927801,0.756133958,0.05454017005172381,0.6698454546634826
300,17-11-2020,13.324077346648902,0.141510058,0.858489942,7.789454566,-0.797673958,0.699126041,-0.11287888806166956,0.6001926743887795
301,18-11-2020,13.349412890508171,0.126334028,0.873665972,9.011889433,1.017780942,0.446270009,0.12858036602449435,0.38989092118743374
302,19-11-2020,13.391573386966376,0.095804484,0.904195516,9.471473109,-0.016605168,-0.096916315,-0.001590849551973312,-0.08763129745024355
303,20-11-2020,13.419124609270405,0.087325093,0.912674907,9.561067664,-0.069795297,-0.088973107,-0.006094880801487622,-0.08120352215672605
304,21-11-2020,13.28950361220262,0.086498296,0.913501704,9.687567846,0.45229065,-0.444931968,0.039122370521732404,-0.40644611093207345
305,22-11-2020,13.098466098452294,0.117035212,0.882964788,9.507106063,-1.066104756,-0.164580577,-0.12477179613266828,-0.1453188542797227
306,23-11-2020,13.166466383514525,0.111608071,0.888391929,9.443909389,-0.074749114,0.344210118,-0.008342604422499095,0.3057934907113376
307,24-11-2020,13.293192481552966,0.099692937,0.900307063,9.332558005,-0.280849156,0.791870052,-0.02799867721561117,0.7129262007937773
308,25-11-2020,13.367692596669432,0.112484683,0.887515317,9.249272582,0.706908645,-0.084205129,0.07951639484278453,-0.0747333417574609
309,26-11-2020,13.28655151300214,0.085795488,0.914204512,9.421330367,0.318486316,-0.326532145,0.027324688902542207,-0.29851716027203823
310,27-11-2020,13.433990954162285,0.101598303,0.898401697,9.115370134,-0.292919382,-0.165341751,-0.029760112127008746,-0.14854330968335147
311,28-11-2020,13.287967642355856,0.12864917,0.87135083,9.428350771,-0.547159283,0.845262889,-0.07039158761574513,0.7365205198983479
312,29-11-2020,13.10138485901913,0.118238331,0.881761669,9.292012521,0.061287985,-0.195937248,0.007246589056753036,-0.17276995481574692
313,30-11-2020,13.130061669369958,0.107254042,0.892745958,9.313077449,0.289267398,-0.730468546,0.031025097654322716,-0.652122841887637
314,01-12-2020,13.337408625802397,0.111712381,0.888287619,9.408945299,0.896911361,0.381718736,0.10019610368326054,0.3390760271291296
315,02-12-2020,13.39236303332375,0.110032273,0.889967727,9.380589348,-0.787078968,-0.275978663,-0.08660408787953426,-0.24561210341060902
316,03-12-2020,13.45398816984327,0.0,0.0,0.0,0.0,0.0,0.0,0.0
317,04-12-2020,13.441276639286064,0.0,0.0,0.0,0.0,0.0,0.0,0.0
318,05-12-2020,13.383665539579274,0.078214408,0.921785592,9.280705635,-0.049393361,1.672408206,-0.003863272489745288,1.541601788233368
319,06-12-2020,13.194358404575476,0.108412668,0.891587332,9.16753725,0.141223531,0.419641028,0.01531041978009071,0.3741466245522573
320,07-12-2020,13.152747082038768,0.122829542,0.877170458,9.38538552,-1.151754498,1.101052317,-0.14146947748577993,0.9658105651848512
321,08-12-2020,13.388330374997317,0.096509064,0.903490936,9.48425308,1.096161328,-0.499218785,0.105789503758277,-0.45103964732843277
322,09-12-2020,13.418016595691334,0.079151681,0.920848319,9.557893841,0.616939396,0.158728092,0.04883179026852468,0.14616449669627732
323,10-12-2020,13.43035824111417,0.117877349,0.882122651,9.240869577,-0.464497126,0.192633861,-0.05475368983099897,0.1699266921376855
324,11-12-2020,13.471018246346825,0.112463901,0.887536099,9.265585846,-0.221855208,0.454687523,-0.02495070214884641,0.40355159042739275
325,12-12-2020,13.372016426358568,0.104150056,0.895849944,9.187685681,0.252446872,0.356699006,0.02629235585582483,0.3195487845499556
326,13-12-2020,13.180915264353944,0.116473814,0.883526186,9.251482315,-0.667224192,0.589199559,-0.07771414643530829,0.520573239156152
327,14-12-2020,13.183951299803622,0.121120734,0.878879266,9.534450801,-0.466989293,0.938696345,-0.05656208593830106,0.8250007546904827
328,15-12-2020,13.3885894064205,0.121774382,0.878225618,9.30710404,-0.802323625,0.321398692,-0.09770246359837474,0.28226056490609164
329,16-12-2020,13.503485245217846,0.111246969,0.888753031,9.448569561,-0.569948212,0.087271562,-0.06340501107196943,0.07756286524760442
330,17-12-2020,13.516458761130098,0.097167351,0.902832649,9.478457289,-0.501456759,-0.01301449,-0.048725224913075404,-0.01174990648208401
331,18-12-2020,13.489231790952438,0.099817703,0.900182297,9.407304206,1.062173663,0.204809649,0.10602373522775609,0.18436602028458376
332,19-12-2020,13.34551812865582,0.101682568,0.898317432,9.482274087,0.160966616,1.128886278,0.01636749887714989,1.0140982222729982
333,20-12-2020,13.18468632096152,0.112743298,0.887256702,9.577480366,0.974569065,-0.019785071,0.10987613051687638,-0.01755443684429584
334,21-12-2020,13.199907581801035,0.119785969,0.880214031,9.532351405,0.069714806,-0.527955619,0.008350855590357014,-0.46471394358909013
335,22-12-2020,13.402485948690591,0.107185103,0.892814897,9.345919666,-1.104676521,-0.147640955,-0.11840486668506667,-0.13181604403130665
336,23-12-2020,13.45350141243484,0.128151132,0.871848868,9.167954655,-0.309931382,0.015479404,-0.03971805744562442,0.013495700854714673
337,24-12-2020,13.433035638535127,0.109492172,0.890507828,9.217613856,0.650701641,-0.455775394,0.07124673599705425,-0.4058715561667842
338,25-12-2020,13.082374369187963,0.11004782,0.88995218,9.19907718,0.129943841,0.81848422,0.01430003642447662,0.7284118158845996
339,26-12-2020,13.137646000935488,0.096690054,0.903309946,9.334326352,0.248270324,0.408747329,0.024005271034157494,0.36922552768663425
340,27-12-2020,12.9788024279312,0.101904928,0.898095072,9.261603666,0.455943322,-0.436688769,0.04646287140049082,-0.3921880314366464
341,28-12-2020,13.098371868982982,0.110857473,0.889142527,9.376532547,-0.153042972,-0.032731985,-0.016965957136329757,-0.02910339985662609
342,29-12-2020,13.418635449938186,0.122761787,0.877238213,9.446202696,-0.412930947,0.003086994,-0.05069214096132229,0.0027080291001017223
343,30-12-2020,13.515353664146245,0.0,0.0,0.0,0.0,0.0,0.0,0.0
344,31-12-2020,13.563822202638509,0.0,0.0,0.0,0.0,0.0,0.0,0.0
345,01-01-2021,13.247440634317291,0.111576954,0.888423046,9.366745651,-0.684872495,0.60844778,-0.07641598687048023,0.5405590300395379
346,02-01-2021,13.314045982547723,0.094479361,0.905520639,9.422867771,0.957311722,-0.340586607,0.09044619977236965,-0.30840820200548186
347,03-01-2021,13.167264082663571,0.109282702,0.890717298,9.188094763,-0.762278464,-0.007877262,-0.08330385022232972,-0.007016413524278076
348,04-01-2021,13.218249754811293,0.121571214,0.878428786,9.331141072,0.88967896,-1.245790518,0.10815935123745744,-1.094338252337051
349,05-01-2021,13.519547626981243,0.120470263,0.879529737,9.116798628,0.255509718,0.333695706,0.030781322926515833,0.2934952965362093
350,06-01-2021,13.58150194505827,0.129634179,0.870365821,8.729397123,-0.290734518,0.579720547,-0.03768913054789072,0.504568949840224
351,07-01-2021,13.702051784196136,0.137858654,0.862141346,8.974364842,1.174831842,-0.640128086,0.16196073641446065,-0.5518808896764438
352,08-01-2021,13.61337846184284,0.125645897,0.874354103,8.890135108,-0.007464099,-0.864882051,-0.000937833414151803,-0.7562131699029053
353,09-01-2021,13.544820631154709,0.12325519,0.87674481,8.773229786,-0.220415177,-0.272913619,-0.02716731452001863,-0.2392755990365674
354,10-01-2021,13.28900937881285,0.135647078,0.864352922,8.867850063,-0.850295117,1.204878156,-0.11534004805871814,1.041439954792572
355,11-01-2021,13.331954710851567,0.142768495,0.857231505,9.070618429,-0.9853331,0.699864385,-0.14067452376068448,0.5999458000494494
356,12-01-2021,13.460361591985857,0.0,0.0,0.0,0.0,0.0,0.0,0.0
357,13-01-2021,13.529395257484024,0.13147881,0.86852119,9.126523886,-0.708735619,0.507099394,-0.0931837157907334,0.44042656912515893
358,14-01-2021,13.541228963368331,0.143137033,0.856862967,8.492490579,0.569632383,-0.404256009,0.08153548920333963,-0.34639200329931874
359,15-01-2021,13.55867836334227,0.128275684,0.871724316,8.946374826,-1.078251371,0.260243983,-0.13831343213896274,0.22686100807379064
360,16-01-2021,13.38159041823559,0.134790152,0.865209848,9.100637107,-0.634658875,0.373700087,-0.085545766229399,0.3233289954708568
361,17-01-2021,13.178783407595043,0.105694989,0.894305011,9.233470789,-0.833278618,0.245494294,-0.0880733743634452,0.21954677729610725
362,18-01-2021,13.15006219852575,0.109086563,0.890913437,9.040974526,0.441572741,0.4236959,0.04816965263017918,0.3774763705118083
363,19-01-2021,13.304128112535205,0.143802559,0.856197441,8.744647438,0.580179389,0.889317474,0.08343128081725645,0.761431345475384
364,20-01-2021,13.455594653496403,0.14901204,0.85098796,9.020268862,0.143039895,-0.261724573,0.0213146665553358,-0.2227244604591411
365,21-01-2021,13.396187875659654,0.0,0.0,0.0,0.0,0.0,0.0,0.0
366,22-01-2021,13.401017318646106,0.0,0.0,0.0,0.0,0.0,0.0,0.0
367,23-01-2021,13.262254007151087,0.0,0.0,0.0,0.0,0.0,0.0,0.0
368,24-01-2021,13.036245419378911,0.0,0.0,0.0,0.0,0.0,0.0,0.0
369,25-01-2021,13.104637192808095,0.0,0.0,0.0,0.0,0.0,0.0,0.0
370,26-01-2021,13.229248130821349,0.116186218,0.883813782,8.360071436,-0.429773451,-0.391573293,-0.04993375186849831,-0.34607787301652415
371,27-01-2021,13.308399692598432,0.144554211,0.855445789,9.062652099,-0.185012727,0.184354943,-0.026744368776443393,0.15770565967068503
372,28-01-2021,13.328569089994213,0.163012901,0.836987099,9.35841549,0.074728489,-0.045632436,0.012181707779236587,-0.038193760227943165
373,29-01-2021,13.290966262057346,0.154126902,0.845873098,9.004053938,-0.081295625,-0.614233462,-0.01252984282740375,-0.5195635613972053
374,30-01-2021,13.164157699061306,0.14327933,0.85672067,9.04570155,-1.413703669,0.679747808,-0.20255451451286177,0.5823539975007913
375,31-01-2021,12.873060638604322,0.141843787,0.858156213,8.941807118,-0.273947799,-0.708065982,-0.03885779325047481,-0.6076312216672461
376,01-02-2021,13.003410908227035,0.14908771,0.85091229,9.034557392,0.246739104,0.452150652,0.03678576798281184,0.3847405467183131
377,02-02-2021,13.039233910587823,0.147797609,0.852202391,8.799360083,-0.811501105,0.31116519,-0.11993792301985794,0.26517571891396924
378,03-02-2021,13.175365610723569,0.0,0.0,0.0,0.0,0.0,0.0,0.0
379,04-02-2021,13.059257429643338,0.0,0.0,0.0,0.0,0.0,0.0,0.0
380,05-02-2021,13.19143597904608,0.0,0.0,0.0,0.0,0.0,0.0,0.0
381,06-02-2021,12.852584089474098,0.0,0.0,0.0,0.0,0.0,0.0,0.0
382,07-02-2021,12.913598456348284,0.135728463,0.864271537,8.691818542,0.100349458,0.693071058,0.013620277697223054,0.5990015885478762
383,08-02-2021,12.656402764143817,0.127735751,0.872264249,8.872206756,-0.076794242,-0.928206184,-0.009809370174345742,-0.8096410700039158
384,09-02-2021,12.973447969594403,0.129836255,0.870163745,8.740976538,-1.70674802,0.952996952,-0.2215977711454651,0.8292633967259053
385,10-02-2021,12.993040260410842,0.141694689,0.858305311,9.070273383,-0.203209533,-0.385541689,-0.028793711580270238,-0.3309124792806103
386,11-02-2021,13.005681235541935,0.139029004,0.860970996,8.929832503,-0.042661939,-0.937407611,-0.005931246887878757,-0.8070807645006506
387,12-02-2021,12.975138657647804,0.130455897,0.869544103,8.966738979,0.864258945,-0.477614767,0.11274767591024866,-0.415307104150569
388,13-02-2021,12.843223383958314,0.131787022,0.868212978,8.831273738,-0.689647493,0.08561301,-0.09088658933223584,0.07433032636764378
389,14-02-2021,12.611737733641004,0.129969003,0.870030997,8.910315776,-0.321977029,0.570998075,-0.04184703344803209,0.4967860244773308
390,15-02-2021,12.56518661263221,0.0,0.0,0.0,0.0,0.0,0.0,0.0
391,16-02-2021,12.766630846397854,0.130666564,0.869333436,8.066835314,0.373094366,-0.542960481,0.04875095885297843,-0.4720137005599428
392,17-02-2021,12.89393589065874,0.114495438,0.885504562,9.038602609,-1.21657704,0.74475736,-0.13929252105554352,0.6594860398630764
393,18-02-2021,12.91877732530565,0.141180758,0.858819242,8.805525053,0.066852281,-0.474853369,0.009438255705608998,-0.4078132104257263
394,19-02-2021,12.93414285587935,0.0,0.0,0.0,0.0,0.0,0.0,0.0
395,20-02-2021,12.836892192471929,0.148787809,0.851212191,8.956222016,-0.479595988,0.681821267,-0.07135803625971028,0.580374574553466
396,21-02-2021,12.678348690881574,0.133455523,0.866544477,9.095041748,0.622030005,-0.744623116,0.08301333963896762,-0.6452490486163304
397,22-02-2021,12.57679791966773,0.137071704,0.862928296,9.022443301,0.030530148,-0.38076293,0.004184819409732192,-0.32857110636486725
398,23-02-2021,12.879167617651158,0.129093561,0.870906439,8.921057018,-0.23949433,-0.449356737,-0.03091717589900913,-0.39134767566132955
399,24-02-2021,13.012892202328628,0.12526472,0.87473528,8.933796044,-1.134299074,0.583720474,-0.14208765590086928,0.5106008922661227
400,25-02-2021,13.019317957620606,0.0,0.0,0.0,0.0,0.0,0.0,0.0
401,26-02-2021,13.01026018087911,0.161341411,0.838658589,7.736307097,0.153876675,-0.44825901,0.024826679864488423,-0.3759362688331369
402,27-02-2021,12.884225470505765,0.0,0.0,0.0,0.0,0.0,0.0,0.0
403,28-02-2021,12.6410997921206,0.0,0.0,0.0,0.0,0.0,0.0,0.0
404,01-03-2021,12.627397979348936,0.136950753,0.863049247,8.613048677,0.12758049,0.154633922,0.01747224417360897,0.13345668994275672
405,02-03-2021,12.655439799925468,0.144142044,0.855857956,9.111514018,-0.23905084,0.865342253,-0.034457276697516956,0.7406100518930149
406,03-03-2021,13.002768701718676,0.134046369,0.865953631,9.040737588,0.121170453,-0.855914767,0.016242459254735157,-0.741182500310169
407,04-03-2021,13.03096712817114,0.137931611,0.862068389,6.536691598,-0.528679651,0.732255375,-0.07292163596534777,0.631254211462841
408,05-03-2021,13.016740605138022,0.0,0.0,0.0,0.0,0.0,0.0,0.0
409,06-03-2021,12.936440945233308,0.137655395,0.862344605,6.992096427,-2.252653465,0.543694824,-0.3100899025226937,0.46885229824282454
410,07-03-2021,12.828362717993418,0.158466919,0.841533081,8.518592212,0.432986506,-0.273118698,0.06861403757439502,-0.22983841940664854
411,08-03-2021,12.612497293133035,0.138804134,0.861195866,8.911529942,0.335761871,0.60205703,0.04660513573437471,0.518489025332238
412,09-03-2021,12.937194571039608,0.150293818,0.849706182,8.903951072,-3.333791085,0.526047376,-0.5010481905790125,0.44698570741207844
413,10-03-2021,13.05922547494232,0.143280115,0.856719885,8.979794491,0.528199818,0.577107766,0.07568053066601908,0.4944196989201269
414,11-03-2021,13.079839936244316,0.149235716,0.850764284,9.354440716,-0.257990011,-0.187980809,-0.03850132401243288,-0.15992735837462577
415,12-03-2021,13.105809108474778,0.118766414,0.881233586,9.115370134,-0.75222405,-0.29407265,-0.0893389529430567,-0.2591466959040229
416,13-03-2021,13.032532757353696,0.138222907,0.861777093,9.078407701,1.061737732,-0.108598041,0.14675647578862694,-0.09358730407847482
417,14-03-2021,12.80606232760387,0.145790971,0.854209029,8.356085031,-1.574614167,0.17226793,-0.22956452835728614,0.14715282121313997
418,15-03-2021,12.762767027454393,0.149827993,0.850172007,8.979416633,-0.493436326,0.156655243,-0.0739305743978737,0.1331839023483827
419,16-03-2021,13.055287239238435,0.14463552,0.85536448,8.64223868,0.76186966,0.439994792,0.11019341444632319,0.3763559164617882
420,17-03-2021,13.220583863610209,0.0,0.0,0.0,0.0,0.0,0.0,0.0
421,18-03-2021,13.206528039677078,0.0,0.0,0.0,0.0,0.0,0.0,0.0
422,19-03-2021,13.24346357186764,0.0,0.0,0.0,0.0,0.0,0.0,0.0
423,20-03-2021,13.125376832384612,0.0,0.0,0.0,0.0,0.0,0.0,0.0
424,21-03-2021,12.98749394714944,0.0,0.0,0.0,0.0,0.0,0.0,0.0
425,22-03-2021,12.939197464241843,0.0,0.0,0.0,0.0,0.0,0.0,0.0
426,23-03-2021,13.153602320815953,0.0,0.0,0.0,0.0,0.0,0.0,0.0
427,24-03-2021,13.36211701429191,0.0,0.0,0.0,0.0,0.0,0.0,0.0
428,25-03-2021,13.389932534425546,0.0,0.0,0.0,0.0,0.0,0.0,0.0
429,26-03-2021,13.373788021833434,0.130680279,0.869319721,7.194436851,-0.312138115,0.174903695,-0.04079029595473409,0.1520472313392691
430,27-03-2021,13.28077468215074,0.139758419,0.860241581,8.752581469,0.445420349,0.186049536,0.06225124376666823,0.16004754699295642
431,28-03-2021,13.071979143380382,0.14212465,0.85787535,9.015176707,1.018495569,0.178206992,0.14475332627067583,0.15287938563444722
432,29-03-2021,13.033805350422538,0.145012284,0.854987716,9.078179468,-0.460567032,-0.636692505,-0.06678787724542108,-0.5443642706442685
433,30-03-2021,13.253372341378906,0.149250946,0.850749054,9.004299729,0.636000415,-0.673574172,0.0949236635951426,-0.5730425896278333
434,31-03-2021,13.436736065109152,0.136197773,0.863802227,9.047350743,0.917949863,0.247143096,0.12502272706625508,0.2134827567124748
435,01-04-2021,13.478160536202385,0.176841946,0.823158054,8.976893928,0.953058882,-0.360435745,0.16854078734546438,-0.2966955864462402
436,02-04-2021,13.363808822634356,0.140678888,0.859321112,8.814479,0.548343851,-0.295518348,0.07714040320031769,-0.253945155419763
437,03-04-2021,13.183787679391328,0.148389664,0.851610336,8.830835366,0.548341851,0.200550146,0.08136826302702807,0.17079057721990906
438,04-04-2021,13.228696220198875,0.141315433,0.858684567,8.932476608,-1.605619922,0.377170957,-0.22689887451085622,0.3238708798965206
439,05-04-2021,13.093467895117453,0.144850989,0.855149011,9.105979357,-0.219888621,0.339291761,-0.03185108422169617,0.2901450138595984
440,06-04-2021,13.313775159292922,0.14604367,0.85395633,9.250137842,-0.231438264,0.361224447,-0.03380009345298888,0.30846990306639954
441,07-04-2021,13.438799073659547,0.140329237,0.859670763,9.076808979,-0.070680339,0.230643761,-0.009918518042771341,0.19827769800005965
442,08-04-2021,13.642404012237195,0.156118702,0.843881298,8.967376693,0.774654415,-0.575369694,0.12093804176836932,-0.48554372420258285
443,09-04-2021,13.52884263775289,0.0,0.0,0.0,0.0,0.0,0.0,0.0
444,10-04-2021,13.412526868588536,0.0,0.0,0.0,0.0,0.0,0.0,0.0
445,11-04-2021,13.447823777116977,0.0,0.0,0.0,0.0,0.0,0.0,0.0
446,12-04-2021,13.327530313247552,0.0,0.0,0.0,0.0,0.0,0.0,0.0
447,13-04-2021,13.56901137490236,0.156509402,0.843490598,8.791638037,-0.649012468,0.116622011,-0.10157655325722413,0.09836956979835258
448,14-04-2021,13.612752797206824,0.154267039,0.845732961,9.065198986,0.659528312,0.334825294,0.10174347982890816,0.2831727873123155
449,15-04-2021,13.613535122810468,0.144062753,0.855937247,8.963288276,0.763714475,0.851141269,0.11002280977444967,0.7285235145959464
450,16-04-2021,13.662566816160872,0.131996293,0.868003707,8.587651655,-1.690015553,0.64241775,-0.22307578810834502,0.5576209884425992
451,17-04-2021,13.57726859715046,0.137625367,0.862374633,8.751949058,-0.293098206,-0.016782958,-0.0403377481677916,-0.014473197245904413
452,18-04-2021,13.440108493878435,0.140895327,0.859104673,8.96903285,-0.088242384,-0.466167346,-0.012432939548939566,-0.40048654534860784
453,19-04-2021,13.448874740259654,0.127728854,0.872271146,9.007856923,-0.630430783,0.484264058,-0.08052420143891269,0.42240956483827047
454,20-04-2021,13.657986193657877,0.136025063,0.863974937,8.636574948,0.564631438,-0.727034411,0.0768040269257306,-0.6281395094405572
455,21-04-2021,13.700758299858167,0.0,0.0,0.0,0.0,0.0,0.0,0.0
456,22-04-2021,13.709848885852283,0.15097503,0.84902497,8.84130362,0.424984655,-0.879409814,0.06416207103816465,-0.7466408909490555
457,23-04-2021,13.714866679243348,0.138040099,0.861959901,8.736328721,-0.217392649,-0.555174021,-0.03000890278983225,-0.4785377441789319
458,24-04-2021,13.620140235120632,0.115674969,0.884325031,8.706655856,-0.537800705,0.160876572,-0.062210079879053144,0.14226717952107373
459,25-04-2021,13.494103469977528,0.126918905,0.873081095,9.022684614,-0.686731927,0.393637312,-0.08715926420337992,0.34367729539381664
460,26-04-2021,13.43232442024693,0.138529767,0.861470233,8.890548246,0.02414286,0.978731817,0.00334450477051362,0.8431483264355034
461,27-04-2021,13.647521399892565,0.134242667,0.865757333,8.906528918,0.453684343,-2.095167375,0.06090379618046279,-1.8139065187686108
462,28-04-2021,13.719318989851368,0.127741517,0.872258483,8.816260209,-0.450077712,0.812711168,-0.057493609698769106,0.7088942105168381
463,29-04-2021,13.706881372688343,0.114831777,0.885168223,9.051930635,0.576057805,-0.294062869,0.06614974140286949,-0.2602951072030118
464,30-04-2021,13.688257699742122,0.131968427,0.868031573,8.629271095,0.922928208,0.028366521,0.12179738384368881,0.024623035844167532
465,01-05-2021,13.590783253174347,0.127197974,0.872802026,8.324336333,-0.322084623,0.430135668,-0.040968511502153804,0.3754232824852634
466,02-05-2021,13.423386066793183,0.157275215,0.842724785,8.576405051,-0.145825057,0.188360454,-0.022934667192062257,0.1587360230996524
467,03-05-2021,13.429122814212697,0.149085094,0.850914906,8.66077392,-0.012557292,-0.394894086,-0.0018721050582054478,-0.3360212640686459
468,04-05-2021,13.60259947591627,0.132066205,0.867933795,8.730367212,-0.522715138,0.185934032,-0.06903300457171128,0.16137843001341143
469,05-05-2021,13.644540725849922,0.157738116,0.842261884,8.540519017,-0.151477085,1.269331569,-0.023893710005071865,1.069109598726616
470,06-05-2021,13.676786277032216,0.139064484,0.860935516,8.493924564,-0.08727505,-0.696110317,-0.0121368597943242,-0.5993060949593185
471,07-05-2021,13.63336378589458,0.099028513,0.900971487,8.533656917,0.449458028,0.460001192,0.044509160168752365,0.4144479579780125
472,08-05-2021,13.576277004026108,0.125077173,0.874922827,8.262042844,0.186749853,-0.860264598,0.02335814367140557,-0.7526651340501785
473,09-05-2021,13.373175012639326,0.14199873,0.85800127,8.712759975,0.305042907,-0.321268494,0.0433157053895081,-0.2756487758629874
474,10-05-2021,13.335975246219917,0.154158505,0.845841495,8.578288291,-0.139525727,-0.774453504,-0.021509077483358133,-0.6550649096313486
475,11-05-2021,13.513659240878296,0.122645439,0.877354561,8.665268309,0.781811564,-0.395994223,0.09588562248205659,-0.3474273376787011
476,12-05-2021,13.541908889720498,0.143325422,0.856674578,9.345308232,-0.394502225,-0.768764764,-0.05654219787806395,-0.6585812297809697
477,13-05-2021,13.495087639267908,0.0,0.0,0.0,0.0,0.0,0.0,0.0
478,14-05-2021,13.484294483488764,0.137553496,0.862446504,8.970686269,0.235137451,0.302826482,0.03234397842557869,0.2611716407195189
479,15-05-2021,13.352396739369814,0.117540747,0.882459253,9.038721338,-0.517840493,-0.24114672,-0.06086735837406827,-0.21280215439460018
480,16-05-2021,13.216869597756206,0.119845935,0.880154065,9.415890055,-0.251582336,0.2735319,-0.030151120287404163,0.2407502136921735
481,17-05-2021,13.197257469056565,0.136860664,0.863139336,8.998631198,0.242767605,0.940347855,0.03322533561798972,0.8116512231737243
482,18-05-2021,13.342378841350614,0.142116645,0.857883355,8.768263145,-0.79890699,0.31955547,-0.11353798108584856,0.2741413187122019
483,19-05-2021,13.418641398601224,0.156180252,0.843819748,8.48838211,0.463230234,0.146895049,0.07234741468013897,0.12395294322962766
484,20-05-2021,13.351321988438436,0.131947951,0.868052049,8.519191194,0.039228898,1.006542258,0.005176172711087998,0.8737310694619868
485,21-05-2021,13.348114725458926,0.124046998,0.875953002,8.101374671,-1.189617875,0.131529125,-0.14756852616088925,0.11521333189418326
486,22-05-2021,13.269756993896998,0.163676806,0.836323194,8.265392931,0.816885247,0.298833775,0.1337051680974811,0.24992161718307737
487,23-05-2021,13.07585440932746,0.154302808,0.845697192,8.407824654,0.39366236,1.207440226,0.06074320755190688,1.0211288086360453
488,24-05-2021,13.022523152421556,0.139480345,0.860519655,8.15564927,0.297201386,-0.854294916,0.04145375185375817,-0.735137566384574
489,25-05-2021,13.186006497790268,0.124162756,0.875837244,8.430763463,-1.52195938,0.130321555,-0.18897067114085128,0.11414047156499442
490,26-05-2021,13.252831834025905,0.138735306,0.861264694,8.408939606,-1.113119362,0.178014964,-0.15442895530159476,0.15331800349688102
491,27-05-2021,13.225515456259773,0.12186643,0.87813357,8.43771699,-0.667614734,-0.111080178,-0.08135982424797962,-0.09754323326337547
492,28-05-2021,13.123564655580692,0.13975038,0.86024962,8.462103225,0.463422724,0.115356928,0.06476350177963512,0.09923575347636736
493,29-05-2021,13.086375512959854,0.128694203,0.871305797,8.342125263,-0.533100943,0.598327716,-0.06860700097793343,0.5213264074565697
494,30-05-2021,12.878642048442517,0.0,0.0,0.0,0.0,0.0,0.0,0.0
495,31-05-2021,12.844861312398326,0.135934437,0.864065563,8.206856428,-0.688604527,0.687753137,-0.09360506869339628,0.5942638015269212
496,01-06-2021,13.0455600838254,0.155061538,0.844938462,8.095293777,-0.112550192,0.589014925,-0.017452205873715296,0.49768136482454534
497,02-06-2021,13.09444321186404,0.124616744,0.875383256,8.317277766,-0.342209612,0.025119443,-0.042645047612943326,0.02198913980224641
498,03-06-2021,13.10100285722296,0.095235839,0.904764161,8.337587942,-0.966151628,1.416143065,-0.0920122608937959,1.2812754920606935
499,04-06-2021,12.94738360364422,0.121121233,0.878878767,8.041734711,0.611282071,0.650403733,0.07403923815031353,0.5716260309112372
500,05-06-2021,12.89740067243301,0.145603974,0.854396026,8.066835314,-0.804212908,0.763230955,-0.11709659534689638,0.6521014948721848
501,06-06-2021,12.686329777489629,0.0,0.0,0.0,0.0,0.0,0.0,0.0
502,07-06-2021,12.677924565633528,0.147540869,0.852459131,8.478244441,-0.045657825,0.406146892,-0.006736395177149924,0.34622362661267087
503,08-06-2021,12.813738187544692,0.142763481,0.857236519,8.178077464,1.181401387,1.139446531,0.16866097446634815,0.9767751778210655
504,09-06-2021,12.94787188548543,0.151639576,0.848360424,8.321421587,0.318533198,-0.528204036,0.04830223908664405,-0.44810739993947124
505,10-06-2021,13.01636265685908,0.0,0.0,0.0,0.0,0.0,0.0,0.0
506,11-06-2021,12.95038336205941,0.135116723,0.864883277,7.955425089,1.29880001,0.286042382,0.1754896011835672,0.2473932727050458
507,12-06-2021,12.828950247101726,0.123263195,0.876736805,7.999678579,0.514261697,0.035591617,0.06338953983834192,0.031204480573363683
508,13-06-2021,12.623719915535094,0.107060884,0.892939116,8.267192186,0.9118259,-1.084257234,0.09762088690809559,-0.9681756960445652
509,14-06-2021,12.635843299458111,0.131967562,0.868032438,8.185907481,0.638192149,-0.072538675,0.08422066199107074,-0.06296592290953965
510,15-06-2021,12.824913757393496,0.155717449,0.844282551,8.146998697,0.476234044,-0.217148388,0.07415795045863377,-0.1833345949661778
511,16-06-2021,12.895999646873854,0.116915281,0.883084719,8.561018671,0.541345948,0.390326921,0.0632916136286314,0.34469173934942016
512,17-06-2021,12.880414101721051,0.0,0.0,0.0,0.0,0.0,0.0,0.0
513,18-06-2021,12.91629569995516,0.116513266,0.883486734,8.127699853,-1.14411664,0.442275351,-0.13330476641134625,0.3907444053836936
514,19-06-2021,12.764264563100287,0.124506899,0.875493101,8.078378104,-0.108086161,0.631676532,-0.013457472730924739,0.5530284458296056
515,20-06-2021,12.619496002603384,0.100620975,0.899379025,8.164225652,0.82771335,0.032888894,0.08328532429751626,0.029579581419048352
516,21-06-2021,12.590256233318758,0.139544752,0.860455248,8.201111644,-0.177313491,-0.316290531,-0.02474316712784923,-0.27215384729165665
517,22-06-2021,12.826189350151877,0.143719918,0.856280082,8.264620829,-0.539895262,0.431021558,-0.07759370278322852,0.3690751750280078
518,23-06-2021,12.98952203235649,0.118423498,0.881576502,8.411832676,-0.436330847,-0.070077023,-0.05167182518704281,-0.061778256806913553
519,24-06-2021,12.911459613344682,0.127837058,0.872162942,8.367532417,0.443973058,-1.219998996,0.05675620956598336,-1.0640379135884062
520,25-06-2021,12.9526349927137,0.105134029,0.894865971,8.430763463,-1.055970059,0.449914063,-0.11101838680603772,0.40261278485305013
521,26-06-2021,12.810492432130658,0.123836888,0.876163112,8.287528423,0.718930306,-0.513676927,0.08903009178392773,-0.4500647749229168
522,27-06-2021,12.64912251396561,0.137450772,0.862549228,8.530701541,-0.240480394,-0.147513927,-0.03305421580616417,-0.12723802385309835
523,28-06-2021,12.701820163849758,0.122238561,0.877761439,8.587465244,0.46999295,-2.139393799,0.05745126188814495,-1.877877379597917
524,29-06-2021,12.84703402827669,0.105543456,0.894456544,8.730043953,-0.718344131,0.575849712,-0.07581652218305673,0.5150725432589153
525,30-06-2021,12.891696597440014,0.127625131,0.872374869,7.934871566,0.334066604,0.969248078,0.04263529409822513,0.8455476650737519
526,01-07-2021,12.996770675536435,0.124384918,0.875615082,8.015987811,-1.380108101,0.337081219,-0.1716646329740207,0.29515339921534495
527,02-07-2021,12.997419010517094,0.125705319,0.874294681,8.087025471,0.815976954,-0.778522524,0.10257264329921834,-0.6806581017718948
528,03-07-2021,12.839209702930706,0.103402385,0.896597615,8.160518247,1.009489258,-0.222445267,0.10438359690908032,-0.19944389586023822
529,04-07-2021,12.70235299785413,0.114367978,0.885632022,8.265392931,0.182613951,-0.590343893,0.020885188330461078,-0.5228274556329416
530,05-07-2021,12.82009544662413,0.110163343,0.889836657,7.095893221,0.388134576,0.324501159,0.04275820242604757,0.2887530265171855
531,06-07-2021,13.024618235484454,0.12049516,0.87950484,8.644002038,1.479170572,0.302452792,0.17823289474043152,0.2660086944355133
532,07-07-2021,13.046466729600583,0.101121244,0.898878756,8.571491965,0.06632518,-0.27585187,0.0067068847101239195,-0.24795738574587373
533,08-07-2021,13.082284856439104,0.110907265,0.889092735,8.710289821,0.04910322,0.281816767,0.0054459038328933005,0.25056124014088776
534,09-07-2021,13.137297309068195,0.112776465,0.887223535,8.614682813,0.425240326,0.57300386,0.04795710074172759,0.5083825102378451
535,10-07-2021,12.964675114368248,0.103055683,0.896944317,8.644354337,-0.001791748,-0.09933825,-0.000184649813903884,-0.08910087879822526
536,11-07-2021,12.822684294412,0.120118384,0.879881616,8.46884293,0.456458259,0.849459108,0.05482902843453345,0.7474234526729586
537,12-07-2021,12.986985710034444,0.120232296,0.879767704,8.622453702,-0.41092334,-0.750936866,-0.049406256648188644,-0.6606500024497757
538,13-07-2021,13.161564859603466,0.099138214,0.900861786,8.651024539,0.130022346,0.243417573,0.012890183162530046,0.21928558955656538
539,14-07-2021,13.202044789049085,0.125250918,0.874749082,8.486940148,-0.25748836,0.42134702,-0.03225065346431448,0.36857291894843563
540,15-07-2021,13.257121517266674,0.094243342,0.905756658,8.885440912,-0.463296343,0.880358907,-0.0436625957006983,0.7973909414448528
541,16-07-2021,13.301827522349305,0.092449949,0.907550051,8.718009331,-0.07703042,0.984994166,-0.00712145840044858,0.8939315055880024
542,17-07-2021,13.06894361315518,0.078604805,0.921395195,9.759848102,0.411895701,0.968603874,0.0323769812574433,0.8924669553619855
543,18-07-2021,12.973909771721562,0.095152281,0.904847719,8.751632702,-0.157372608,0.57843733,-0.01497436261811885,0.5233976986349502
544,19-07-2021,13.115399183602696,0.125449686,0.874550314,8.692154394,0.348474419,0.086389154,0.04371600644258243,0.07555166175689436
545,20-07-2021,13.180536054483152,0.107783282,0.892216718,8.8596475,-1.884011407,0.450450404,-0.20306493277189777,0.4018993810786541
546,21-07-2021,13.233579117728755,0.106932791,0.893067209,9.043813421,0.363507541,0.233968595,0.03887087590867693,0.20894968013030135
547,22-07-2021,13.243518498960796,0.117954704,0.882045296,8.977525201,-0.381309985,-0.005708258,-0.044977306412919436,-0.005034942117254368
548,23-07-2021,13.444462818475357,0.101787437,0.898212563,8.891649113,-0.426980489,-0.062240358,-0.043461249624316696,-0.05590507148121755
549,24-07-2021,13.06479994037709,0.114578087,0.885421913,8.841592847,0.532113965,0.519336674,0.06096860017568495,0.4598320713841374
550,25-07-2021,13.006490017156588,0.12325242,0.87674758,8.730851904,-0.516572474,-0.419695747,-0.06366880752588708,-0.36796723051854224
551,26-07-2021,13.200013070254316,0.0,0.0,0.0,0.0,0.0,0.0,0.0
552,27-07-2021,13.321599407862983,0.0,0.0,0.0,0.0,0.0,0.0,0.0
553,28-07-2021,13.375922839265948,0.096909038,0.903090962,9.234447447,-2.031264698,0.428009545,-0.19684790780654055,0.3865315517392323
554,29-07-2021,13.389133307275424,0.089793494,0.910206506,9.512073268,-2.13943909,0.285984281,-0.19210771109128047,0.2603047531799322
555,30-07-2021,13.501212056907551,0.127571291,0.872428709,9.04180337,-0.620484867,0.166345384,-0.07915605552915331,0.14512448861122926
556,31-07-2021,13.142497322357771,0.069967176,0.930032824,9.497247144,-0.632940281,-0.112481282,-0.04428504403821646,-0.10461128434560037
557,01-08-2021,13.0842460552912,0.0,0.0,0.0,0.0,0.0,0.0,0.0
558,02-08-2021,13.267458897022168,0.102582798,0.897417202,9.286838343,0.445474323,1.118466244,0.04569800249049576,1.0037308472219293
559,03-08-2021,13.365171507270745,0.10110393,0.89889607,9.244645176,-0.191117171,0.913796951,-0.01932269707858203,0.8214084880318826
560,04-08-2021,13.423067789926634,0.109970049,0.890029951,9.241257475,-1.863184542,0.059786538,-0.20489449537978255,0.05321180948659964
561,05-08-2021,13.442890593729508,0.102701426,0.897298574,9.185945215,-0.130367053,-0.08593762,-0.013388882246517578,-0.07711170387895389
562,06-08-2021,13.619273021515856,0.118271911,0.881728089,9.225524507,-1.211562402,0.246161626,-0.1432938005802902,0.2170476200781127
563,07-08-2021,13.219361223208004,0.111660648,0.888339352,8.91449171,-0.819937,-0.152126309,-0.091554696739176,-0.13513978675921176
564,08-08-2021,12.998128070543924,0.095665697,0.904334303,9.090204571,0.163515482,-0.232807069,0.015642822555820952,-0.2105354184775879
565,09-08-2021,13.39060877559095,0.105383258,0.894616742,9.130647603,0.569492029,0.249786744,0.060014925421050476,0.22346340311206805
566,10-08-2021,13.382648558999158,0.119036605,0.880963395,8.936561205,0.030006271,-0.061682698,0.0035718446285499554,-0.05434019904283971
567,11-08-2021,13.49877859375404,0.091801407,0.908198593,9.201501423,-0.122992985,-0.34236091,-0.011290929074129895,-0.31093169676019966
568,12-08-2021,13.47412949273408,0.0,0.0,0.0,0.0,0.0,0.0,0.0
569,13-08-2021,13.599481637535472,0.0,0.0,0.0,0.0,0.0,0.0,0.0
570,14-08-2021,13.188044370672012,0.100832447,0.899167553,8.909100135,0.864106917,-1.19815554,0.0871300149107359,-1.0773425850151934
571,15-08-2021,13.047667848057296,0.112695472,0.887304528,8.971067439,-1.598736516,0.141491256,-0.18017036627425556,0.12554583212120718
572,16-08-2021,13.427803341044685,0.114327306,0.885672694,9.170559502,0.369355043,-0.633346208,0.04222736702370416,-0.5609374422740443
573,17-08-2021,13.434343838408932,0.135058228,0.864941772,8.878776072,-0.663890506,-0.247664884,-0.08966387532638337,-0.21421570362913445
574,18-08-2021,13.498358479328465,0.134534719,0.865465281,9.033125753,-0.951392643,0.151455227,-0.12799534188467232,0.1310792405944738
575,19-08-2021,13.480953486243443,0.104845429,0.895154571,8.809564253,-0.113804095,-0.145119831,-0.011931839162231755,-0.1299046800623975
576,20-08-2021,13.5799388460106,0.106358838,0.893641162,9.010302809,0.004380642,0.64249455,0.00046591999281399597,0.574159576240667
577,21-08-2021,13.199679910901116,0.118578208,0.881421792,8.964184046,0.201673543,0.23287622,0.023914087329950946,0.20526217514658623
578,22-08-2021,13.009179001684195,0.14537791,0.85462209,9.367344121,0.062273969,0.28965125,0.00905325946062479,0.24754235664611252
579,23-08-2021,13.46519676749204,0.1189222,0.8810778,9.221379219,0.037752093,-0.98704803,0.0044895619541646,-0.869666106766734
580,24-08-2021,13.439983306461064,0.130475123,0.869524877,9.311271091,-0.288588932,0.447243693,-0.037653676399138636,0.38888951714485076
581,25-08-2021,13.50124765803255,0.114492116,0.885507884,9.158941809,-1.494521193,0.35021582,-0.1711108937934144,0.3101188697115249
582,26-08-2021,13.50856547259828,0.128063068,0.871936932,9.085003881,0.405757665,-0.537076243,0.05196257144441622,-0.4682966115715065
583,27-08-2021,13.522084017604934,0.102118674,0.897881326,8.946114376,-1.756030806,0.37218369,-0.17932353741187126,0.334176785092773
584,28-08-2021,13.212907672948011,0.104925673,0.895074327,8.754160749,0.722575406,-0.112332789,0.07581671076779824,-0.100546195514208
585,29-08-2021,13.009360399049058,0.098188639,0.901811361,8.823206221,-0.18635922,-0.305709187,-0.018298358176901577,-0.2756920179986735
586,30-08-2021,13.439409572954723,0.146221935,0.853778065,8.861066544,0.182080794,1.56089783,0.02662420602501639,1.332660328960099
587,31-08-2021,13.336165836241976,0.106149506,0.893850494,8.947676062,0.182858591,-0.016958114,0.019410349102506046,-0.015158018576208316
588,01-09-2021,13.497152072309746,0.089423163,0.910576837,8.985445288,-0.238627661,0.255317152,-0.021338840225911742,0.23248588470000822
589,02-09-2021,13.425450185293132,0.082627518,0.917372482,8.885164095,0.035950165,-0.483325264,0.0029704729056404698,-0.4433892970489852
590,03-09-2021,13.484391964984765,0.097396068,0.902603932,8.619569258,0.050971019,-1.343434669,0.004964376832553292,-1.2125894146245186
591,04-09-2021,13.091322557516945,0.119215678,0.880784322,8.452334619,-0.142841528,-0.900191379,-0.017028949607075985,-0.7928744534227601
592,05-09-2021,12.994684539408071,0.112124686,0.887875314,8.45914026,0.603277122,-1.046228508,0.0676422578752337,-0.9289204650562515
593,06-09-2021,12.995683885373936,0.120111019,0.879888981,8.631235907,0.40769426,-2.537282612,0.048968573009050935,-2.2325270119816985
594,07-09-2021,13.494645296442254,0.082521252,0.917478748,8.892199092,0.933930037,0.791267741,0.07706907593364633,0.7259713363454682
595,08-09-2021,13.356166710821942,0.111057488,0.888942512,8.622273668,-0.081157837,0.002239238,-0.009013185508733455,0.001990553852685856
596,09-09-2021,13.36552129830162,0.128486627,0.871513373,9.37152341,0.564720085,0.326659274,0.07255897892080329,0.2846879257054712
597,10-09-2021,13.359815274367875,0.105661327,0.894338673,8.469472455,0.247787884,0.06279143,0.02618159663796207,0.056156804181972386
598,11-09-2021,13.031495117649904,0.10121107,0.89878893,8.366137716,-0.861648168,-0.313544252,-0.08720833304681976,-0.2818101027627304
599,12-09-2021,12.816509187652182,0.096224715,0.903775285,8.613593686,0.079231053,-0.294384906,0.0076239854940748945,-0.2660578023198482
600,13-09-2021,13.30683761551636,0.120525686,0.879474314,8.573573525,1.193392158,0.813701348,0.1438344085099704,0.7156294348331753
601,14-09-2021,13.220181319234229,0.095106173,0.904893827,8.786303878,-0.200537642,0.29664833,-0.019072367673064066,0.2684352426068589
602,15-09-2021,13.24981155473646,0.114546407,0.885453593,8.838261683,-1.312568611,0.048575173,-0.1503500183310307,0.04301106146344659
603,16-09-2021,13.264826017436397,0.100549008,0.899450992,8.87626526,-1.189094059,0.243197614,-0.11956222805114347,0.2187443351643331
604,17-09-2021,13.293866626762403,0.114046595,0.885953405,8.694167142,-0.456303646,-0.417941891,-0.05203987711238537,-0.37027704142358886
605,18-09-2021,12.866032674342444,0.097060907,0.902939093,8.36683531,-0.733606039,1.087123988,-0.07120446752601738,0.981606747703263
606,19-09-2021,12.796198239670169,0.139803257,0.860196743,8.499843553,0.495503327,0.081552393,0.06927297896893603,0.070151102842456
607,20-09-2021,13.188291557518436,0.100052622,0.899947378,8.527539483,-1.089515839,0.166258546,-0.10900891640247984,0.1496239425427924
608,21-09-2021,13.058733243558065,0.110995492,0.889004508,8.519989279,1.136962311,0.801627337,0.126197691094902,0.7126503163290352
609,22-09-2021,13.195924199898972,0.102351204,0.897648796,8.696343057,0.384376941,0.640133655,0.03934144270118697,0.5746152046898294
610,23-09-2021,13.14552506262562,0.125817006,0.874182994,8.602085658,-0.085290614,0.598777252,-0.010731009693381685,0.5234408908924525
611,24-09-2021,13.213260196278936,0.144579072,0.855420928,8.356085031,0.28129039,-0.168591193,0.04066870354871808,-0.14421643476868712
612,25-09-2021,12.813544828474935,0.15932889,0.84067111,8.077447149,0.660796773,-1.602674801,0.10528401635767196,-1.3473224039256992
613,26-09-2021,12.760902714444171,0.107724593,0.892275407,8.44634145,0.501231598,-0.704601065,0.053994969893289606,-0.6286982020455084
614,27-09-2021,13.066099857145296,0.122250309,0.877749691,8.35819746,-1.004686389,0.584340074,-0.1228232215033442,0.5129043193924171
615,28-09-2021,13.015806590944267,0.081085228,0.918914772,8.845921233,-1.980697258,0.642686554,-0.1606052887639048,0.5905741682363757
616,29-09-2021,13.127941789093317,0.11667006,0.88332994,8.314587291,-0.051129116,-0.324832437,-0.005965237031466961,-0.28693421708526373
617,30-09-2021,13.091405076320964,0.0,0.0,0.0,0.0,0.0,0.0,0.0
618,01-10-2021,13.198249767235462,0.106875359,0.893124641,8.170468578,0.019036425,-1.059631779,0.002034524755951575,-0.9463832522115664
619,02-10-2021,12.756085328036988,0.133748888,0.866251112,7.826443135,-0.108039339,-0.172768971,-0.014450141451505033,-0.14966131324784576
620,03-10-2021,12.632630398177566,0.110404888,0.889595112,8.259199363,-0.542690612,0.319607408,-0.05991569623651146,0.28432118791578964
621,04-10-2021,13.004772823222195,0.14140809,0.85859191,8.19007705,0.358805808,0.589776225,0.050738043990186714,0.5063770954953398
622,05-10-2021,12.948424190181203,0.140370966,0.859629034,8.178358166,-0.279427431,-0.618460059,-0.03922349841636835,-0.531646223085753
623,06-10-2021,13.14795119893168,0.137596441,0.862403559,8.196987927,-0.374703281,0.035009141,-0.051557837896622924,0.03019200779593282
624,07-10-2021,12.97813035462913,0.124993342,0.875006658,8.058643712,0.683224584,0.84114477,0.08539852409071971,0.7360072740918786
625,08-10-2021,13.069957885807325,0.078692454,0.921307546,7.588323677,0.474688975,0.291310352,0.03735444032949465,0.26838642552551617
626,09-10-2021,12.71366103510318,0.106538045,0.893461955,7.690286021,0.14728585,1.457885742,0.01569154651516325,1.3025654452139457
627,10-10-2021,12.660108846194287,0.102430632,0.897569368,7.640123173,-0.050527234,0.082709818,-0.005175536511831887,0.07423779906965502
628,11-10-2021,12.853175887588712,0.107477907,0.892522093,7.77443551,-0.344077926,-0.369355674,-0.03698077533138088,-0.3296580992199057
629,12-10-2021,12.979206378340816,0.138441566,0.861558434,8.130647968,0.604143215,0.251024489,0.08363853277287468,0.21627226563849022
630,13-10-2021,13.046212088330488,0.147877845,0.852122155,8.206310726,-0.213025499,0.261916848,-0.03150175172216966,0.22318514894856742
631,14-10-2021,13.004858303113105,0.147335665,0.852664335,7.726212651,0.341724172,-0.468976909,0.05034815812819438,-0.39987988424284054
632,15-10-2021,13.03261370926065,0.146845928,0.853154072,7.693937326,-0.88727115,0.30807685,-0.1302921554093772,0.2628370190664332
633,16-10-2021,12.72864500544869,0.139761893,0.860238107,7.693937326,-0.260583981,-0.21493256,-0.03641971047003603,-0.1848931785470639
634,17-10-2021,12.654878174259728,0.117825265,0.882174735,7.892078421,0.650738526,0.385387992,0.0766734392716594,0.3399795497147821
635,18-10-2021,12.93547460674929,0.125488242,0.874511758,7.936660155,-1.444465513,0.969510659,-0.18126343785599813,0.8478484708018286
636,19-10-2021,12.99941125500857,0.130731868,0.869268132,8.097730574,0.960321774,0.877556969,0.12554465939609383,0.7628323071662119
637,20-10-2021,13.063033666828334,0.135406282,0.864593718,8.264105764,0.572440858,0.949086172,0.07751208824666996,0.8205739421518674
638,21-10-2021,13.032392716960567,0.144051314,0.855948686,8.154500175,-0.86041022,-0.301276475,-0.12394322277002909,-0.2578772028989618
639,22-10-2021,13.093237301523226,0.147564593,0.852435407,7.806289289,0.370103914,0.502483906,0.054614233437116994,0.42833507292205975
640,23-10-2021,12.79468397030685,0.126565026,0.873434974,7.765993079,0.019070172,-0.202905728,0.002413616815004472,-0.17722495926013107
641,24-10-2021,12.663741133772197,0.141647784,0.858352216,7.967280179,-1.173744053,0.232893815,-0.16625824409062856,0.19990492219794403
642,25-10-2021,12.973874969946667,0.120365076,0.879634924,7.80016307,-0.233874534,-0.599017357,-0.028150326059374585,-0.5269165872993758
643,26-10-2021,13.000814760838852,0.130540954,0.869459046,8.021912779,-0.074528282,-0.298516165,-0.009728993032261027,-0.2595475800364786
644,27-10-2021,13.147030623819322,0.119383322,0.880616678,8.119100838,1.027660887,-0.033771422,0.1226855705795266,-0.029739677452976118
645,28-10-2021,13.036971052678314,0.107282225,0.892717775,8.075582637,-0.43362067,1.076860294,-0.046519790283590746,0.961332325645526
646,29-10-2021,13.131955228169604,0.144471532,0.855528468,7.842671475,1.147809072,0.662636663,0.16582573507533832,0.5669045291370223
647,30-10-2021,12.85312614813183,0.122149722,0.877850278,7.636269603,0.066504292,-0.058766959,0.008123480779606824,-0.051588591295364604
648,31-10-2021,12.678738353298575,0.138249837,0.861750163,7.879291485,0.551408534,0.149011098,0.07623213994590895,0.128410337990309
649,01-11-2021,12.955238562967144,0.115940953,0.884059047,7.957527402,0.224938591,-0.682442551,0.026079594607017222,-0.6033195112693089
650,02-11-2021,12.97035373724832,0.144526213,0.855473787,7.892078421,0.564184319,-0.125291298,0.08153942305905394,-0.10718342117820552
651,03-11-2021,13.163929415055833,0.103881008,0.896118992,7.864804003,0.289929379,-0.175423797,0.03011815613933403,-0.15720059614045262
652,04-11-2021,13.176434809192056,0.127463983,0.872536017,8.215547412,-0.487527499,0.655680826,-0.062142196844568516,0.5721051363413101
653,05-11-2021,13.152609322150155,0.090354745,0.909645255,8.502688505,-0.538637142,0.229997373,-0.04866842161293879,0.20921601901191514
654,06-11-2021,12.93466901289384,0.138361819,0.861638181,7.861341796,0.234365751,-0.557238047,0.03242727161966107,-0.48013757720107253
655,07-11-2021,12.757592895705448,0.133696336,0.866303664,7.773594467,0.628366895,-0.325584876,0.08401035152519672,-0.2820553710217857
656,08-11-2021,13.078386411190772,0.112180108,0.887819892,7.844632644,1.034081897,0.654950537,0.11600341888630489,0.581478115024682
657,09-11-2021,13.087968600664883,0.127078251,0.872921749,8.00836557,0.920946027,0.565570759,0.11703221037655877,0.4936990161295375
658,10-11-2021,13.261053441174989,0.103216981,0.896783019,7.990915463,0.086551165,-1.60572411,0.008933549953332865,-1.439986115046888
659,11-11-2021,13.154044198415296,0.109281766,0.890718234,7.989560449,0.552011259,-0.015736779,0.0603247652354034,-0.014017035999728287
660,12-11-2021,13.29577031680871,0.082740871,0.917259129,7.907283609,0.013854123,-0.898854683,0.0011463022039611328,-0.8244826636261511
661,13-11-2021,12.968447336713822,0.110771499,0.889228501,7.914252279,0.42245093,0.291240596,0.04679552277004407,0.2589794386114266
662,14-11-2021,12.769805660328572,0.107517441,0.892482559,7.906547232,0.203460634,-0.913405631,0.021875566711917597,-0.8151985949598898
663,15-11-2021,13.208654828642926,0.118484499,0.881515501,7.846198815,0.951374107,0.246457929,0.1127230844294674,0.21725648475785742
664,16-11-2021,13.165200619947536,0.105628909,0.894371091,8.541690663,1.244542909,1.257862284,0.13145970968135628,1.1249956632688318
665,17-11-2021,13.345294106073403,0.120512984,0.879487016,8.311889558,-0.39751973,0.757690816,-0.047906288861174325,0.666379234814445
666,18-11-2021,13.326330633235631,0.125729073,0.874270927,8.507748733,-0.370328039,-0.720560682,-0.04656100104937785,-0.6299652554118922
667,19-11-2021,13.330843138950264,0.110208593,0.889791407,8.07059354,-1.66540286,0.430533428,-0.18354170597877595,0.3830849446606532
668,20-11-2021,13.074579706550525,0.098401601,0.901598399,8.179760494,-0.394848279,0.070239401,-0.03885370280569468,0.06332773148831901
669,21-11-2021,12.889507816836105,0.0,0.0,0.0,0.0,0.0,0.0,0.0
670,22-11-2021,13.34492756091742,0.0,0.0,0.0,0.0,0.0,0.0,0.0
671,23-11-2021,13.28431894824541,0.120762149,0.879237851,8.083637203,-0.427341347,-0.473114473,-0.0516066594202747,-0.41598015251751747
672,24-11-2021,13.418931353020934,0.120946562,0.879053438,8.5465578,-0.269803587,-0.154773094,-0.0326318162629179,-0.13605382039059719
673,25-11-2021,13.29773248852681,0.100334464,0.899665536,9.173157581,0.190952633,0.463246719,0.019159130081443713,0.41676710774937636
674,26-11-2021,13.299493146830478,0.112122981,0.887877019,9.145908512,-0.603269198,0.509247725,-0.06764034082523923,0.45214935200553186
675,27-11-2021,12.932294285819538,0.117631631,0.882368369,8.983188799,0.362871615,0.023454726,0.04268517991605406,0.020695708325961893
676,28-11-2021,12.972379670341171,0.121495373,0.878504627,8.895355617,0.389877935,-0.401932076,0.047368365137294755,-0.35309918850571564
677,29-11-2021,13.426439332802516,0.124465101,0.875534899,8.934455109,1.046683717,-0.568176444,0.13027559455146043,-0.49745830551171916
678,30-11-2021,13.345094043493164,0.0,0.0,0.0,0.0,0.0,0.0,0.0
