,date,d_s_pos,d_s_neg,total,por_pos,por_neg
0,2020-12-13,0.11647381399205904,0.883526186007941,9.251482315307358,-0.6672241924154843,0.589199558958079
1,2021-11-27,0.1176316311670468,0.8823683688329532,8.983188799264434,0.3628716145037632,0.023454726222469368
2,2021-04-26,0.13852976743817214,0.8614702325618278,8.890548245606167,0.024142860414004833,0.9787318172424165
3,2021-04-20,0.13602506258631528,0.8639749374136847,8.636574948436317,0.5646314377572333,-0.7270344113823936
4,2020-09-15,0.09942840763795564,0.9005715923620443,9.55824698622306,0.14912549080548973,-0.11610385483527429
5,2021-07-21,0.10693279070995937,0.8930672092900407,9.04381342108087,0.3635075408799576,0.2339685952175564
6,2021-04-18,0.14089532672189228,0.8591046732781078,8.969032850034301,-0.08824238371053475,-0.46616734623179396
7,2021-06-30,0.1276251312468499,0.8723748687531501,7.934871565945177,0.33406660413952166,0.9692480777533383
8,2020-11-13,0.0,0.0,0.0,0.0,0.0
9,2021-01-23,0.0,0.0,0.0,0.0,0.0
10,2021-09-03,0.0973960675239984,0.9026039324760017,8.619569258033104,0.050971018594266636,-1.3434346686277765
11,2021-08-08,0.09566569732692602,0.904334302673074,9.090204570736201,0.16351548242878353,-0.23280706894887016
12,2020-12-28,0.11085747266740796,0.8891425273325921,9.376532546840254,-0.15304297158668326,-0.03273198462556375
13,2021-04-14,0.15426703924100346,0.8457329607589964,9.065198986306513,0.6595283120841277,0.33482529448713855
14,2020-07-03,0.08848631129498555,0.9115136887050146,10.061089413039618,0.7652743770162609,-0.5450474370993538
15,2020-08-27,0.0,0.0,0.0,0.0,0.0
16,2021-10-02,0.13374888814452032,0.8662511118554796,7.826443135456014,-0.10803933855896264,-0.17276897109621275
17,2021-10-06,0.1375964414703678,0.8624035585296322,8.196987927258897,-0.37470328063729663,0.03500914130991773
18,2020-07-28,0.08945522453952982,0.9105447754604701,9.971706791513272,-0.26312670378198544,-0.03138075445553327
19,2021-02-14,0.12996900283608287,0.8700309971639172,8.910315776326016,-0.3219770292697069,0.5709980752771354
20,2021-11-06,0.1383618193468388,0.8616381806531612,7.861341795599989,0.23436575068018015,-0.5572380473285212
21,2020-09-22,0.07790761124771566,0.9220923887522844,9.212138753917563,0.8897329651887833,-0.2609400069356049
22,2021-09-01,0.08942316300167479,0.9105768369983253,8.985445287623167,-0.2386276608777909,0.25531715189621623
23,2021-11-28,0.12149537265145861,0.8785046273485413,8.895355616996392,0.38987793476987287,-0.40193207591592967
24,2020-06-22,0.10214916097173823,0.8978508390282618,9.801233318497372,-0.2528747205489011,0.6549540292662757
25,2020-10-08,0.09979571419671816,0.9002042858032818,9.22197245620589,0.5013618471425185,-0.47409811158976567
26,2020-10-29,0.10693699790042345,0.8930630020995766,9.336620537886512,-0.003872487850726743,0.2627750369153863
27,2021-06-22,0.14371991797670516,0.8562800820232949,8.264620829411216,-0.5398952622761236,0.43102155839577533
28,2021-09-12,0.09622471465124394,0.903775285348756,8.613593685702552,0.07923105337364832,-0.29438490573341125
29,2021-06-29,0.10554345604012474,0.8944565439598753,8.730043953245016,-0.71834413120412,0.5758497116800548
30,2021-06-13,0.1070608840536975,0.8929391159463025,8.267192185932146,0.9118259004518313,-1.0842572341386267
31,2020-09-25,0.10431902555394837,0.8956809744460517,9.36691667901828,0.7047187555920248,0.643871200268211
32,2020-09-24,0.10132121793243097,0.8986787820675691,8.83695515733143,-0.22325976249062465,0.3257492832225463
33,2020-11-08,0.10495882911576093,0.8950411708842391,9.1838937219612,-0.5638601779496757,0.6154362919126813
34,2020-09-16,0.0,0.0,0.0,0.0,0.0
35,2021-06-27,0.13745077238842385,0.8625492276115762,8.53070154144103,-0.24048039397908672,-0.1475139271997517
36,2021-09-26,0.10772459302044689,0.8922754069795531,8.446341450444287,0.5012315976616288,-0.7046010645329329
37,2020-11-01,0.10803148905448634,0.8919685109455135,9.201400530406708,-0.8088541999155996,0.1297059867675817
38,2021-10-12,0.13844156635171753,0.8615584336482824,8.130647968160584,0.6041432150816695,0.2510244886232653
39,2021-10-17,0.11782526526649179,0.8821747347335083,7.892078421248119,0.6507385261728086,0.38538799200285684
40,2021-01-02,0.09447936076207268,0.9055206392379272,9.422867770827203,0.9573117223562617,-0.34058660658332307
41,2021-10-25,0.12036507634243222,0.8796349236575679,7.80016307039296,-0.23387453418718812,-0.5990173572177505
42,2021-09-25,0.1593288904736458,0.8406711095263543,8.0774471493312,0.660796772782179,-1.6026748009553926
43,2020-08-24,0.0,0.0,0.0,0.0,0.0
44,2021-05-07,0.09902851319253379,0.9009714868074662,8.533656917446903,0.4494580279884986,0.4600011917750539
45,2021-05-20,0.13194795136864362,0.8680520486313565,8.51919119407891,0.0392288981954965,1.006542257738671
46,2021-08-23,0.11892220029224627,0.8810777997077538,9.2213792190914,0.03775209285807031,-0.9870480295660425
47,2021-04-04,0.14131543314513148,0.8586845668548685,8.93247660846174,-1.6056199221718628,0.37717095745707296
48,2021-11-21,0.0,0.0,0.0,0.0,0.0
49,2020-09-01,0.09608560457189756,0.9039143954281025,9.307376334487778,-0.9501684370998768,-0.12010659425525924
50,2020-08-31,0.09070876370044716,0.9092912362995529,9.240190393945069,-0.2103589547475396,0.7274485075530371
51,2020-10-19,0.09941485319412964,0.9005851468058703,8.913550280493675,0.7832077535734394,0.7401082315241919
52,2020-10-12,0.09339096225499492,0.9066090377450051,9.056839480990421,-0.07396545367306687,-0.03241898181796848
53,2021-11-07,0.1336963355635942,0.8663036644364058,7.773594467360194,0.6283668945602239,-0.3255848761882225
54,2021-03-10,0.143280115477132,0.856719884522868,8.97979449089521,0.5281998183231525,0.5771077655817292
55,2021-04-21,0.0,0.0,0.0,0.0,0.0
56,2020-10-15,0.09918531464306306,0.9008146853569371,9.109967397829395,-0.046968576007130974,-0.21311889354804042
57,2020-12-11,0.1124639006291389,0.8875360993708611,9.26558584620216,-0.22185520848852103,0.4546875230093646
58,2021-05-13,0.0,0.0,0.0,0.0,0.0
59,2021-11-18,0.12572907347384374,0.8742709265261562,8.507748732588238,-0.370328038618887,-0.7205606820042721
60,2020-07-19,0.12257173122202235,0.8774282687779776,10.113991560303875,-0.3649792122996485,0.1472717694967632
61,2021-02-07,0.13572846315891132,0.8642715368410887,8.691818541575723,0.10034945809712166,0.6930710578542085
62,2021-06-28,0.12223856125911212,0.8777614387408877,8.587465244401569,0.4699929503727357,-2.1393937992469523
63,2020-07-05,0.10703652379506248,0.8929634762049374,10.085100525010166,-0.09600877540561487,-0.07243030968975869
64,2021-09-24,0.14457907236501796,0.855420927634982,8.35608503102148,0.28129038960962605,-0.1685911926009275
65,2021-05-10,0.15415850478420462,0.8458414952157954,8.57828829077605,-0.13952572722695408,-0.7744535038379344
66,2021-10-31,0.13824983733811566,0.8617501626618843,7.879291485082271,0.5514085343667128,0.14901109764984807
67,2020-12-18,0.09981770305916,0.9001822969408401,9.407304205507007,1.0621736629578018,0.2048096486955406
68,2020-09-02,0.0,0.0,0.0,0.0,0.0
69,2021-05-01,0.12719797385464185,0.8728020261453582,8.3243363327069,-0.32208462346484196,0.43013566845768014
70,2020-09-23,0.09133940393534122,0.9086605960646589,8.934850340289763,-0.07455534118376575,1.0893542794403088
71,2021-02-26,0.16134141063660423,0.8386585893633958,7.736307096548285,0.15387667486018308,-0.4482590099414562
72,2020-06-26,0.08877771702845297,0.911222282971547,10.287592821522884,0.6761591016610108,0.44071027804106316
73,2021-10-21,0.14405131362015633,0.8559486863798437,8.154500175151941,-0.8604102201286006,-0.30127647487233317
74,2020-11-23,0.11160807076505437,0.8883919292349457,9.443909388773974,-0.07474911410264888,0.34421011845885024
75,2021-05-30,0.0,0.0,0.0,0.0,0.0
76,2021-10-01,0.10687535860495784,0.8931246413950421,8.170468578330674,0.01903642532372993,-1.059631778820427
77,2021-11-02,0.14452621329316476,0.8554737867068353,7.892078421248119,0.5641843194820098,-0.125291298209546
78,2020-07-24,0.0745226566077959,0.9254773433922041,9.908574591584685,1.760714148367498,-2.076480674942155
79,2020-12-15,0.12177438205425138,0.8782256179457486,9.307104040408491,-0.8023236254169139,0.3213986916254172
80,2021-06-09,0.1516395763368753,0.8483604236631247,8.321421586897879,0.3185331978551892,-0.5282040361008654
81,2021-05-28,0.13975037957317693,0.8602496204268231,8.462103225098277,0.46342272443823773,0.11535692774174701
82,2021-04-09,0.0,0.0,0.0,0.0,0.0
83,2020-10-28,0.09492591517427654,0.9050740848257234,9.517310233335248,-0.030445097621376715,0.4010495914367588
84,2021-09-21,0.11099549240667654,0.8890045075933236,8.519989278718239,1.1369623107962323,0.8016273368834622
85,2020-10-27,0.10950077015126841,0.8904992298487316,9.029657471850737,1.1715313354358838,0.04193383263268613
86,2020-12-03,0.0,0.0,0.0,0.0,0.0
87,2021-08-12,0.0,0.0,0.0,0.0,0.0
88,2021-03-05,0.0,0.0,0.0,0.0,0.0
89,2021-09-04,0.11921567815731297,0.8807843218426871,8.452334619067742,-0.14284152823432386,-0.9001913792273543
90,2021-08-24,0.13047512345336226,0.8695248765466378,9.311271090554623,-0.28858893152672177,0.44724369319178037
91,2021-08-04,0.10997004899440542,0.8900299510055946,9.241257474610904,-1.8631845418180815,0.05978653801178062
92,2021-03-26,0.13068027899037807,0.869319721009622,7.194436851100335,-0.31213811505752365,0.1749036952729571
93,2021-02-21,0.13345552281971937,0.8665444771802806,9.09504174761272,0.6220300045992302,-0.744623115836575
94,2021-03-17,0.0,0.0,0.0,0.0,0.0
95,2021-04-02,0.14067888764275951,0.8593211123572404,8.814479000010714,0.5483438514998098,-0.2955183475207822
96,2021-03-19,0.0,0.0,0.0,0.0,0.0
97,2020-09-08,0.11011587875954112,0.8898841212404588,9.218110109240543,0.24054993654554346,-0.6133259202830713
98,2021-08-22,0.1453779101436255,0.8546220898563744,9.367344120785848,0.062273968687827086,0.2896512501794413
99,2020-08-28,0.0,0.0,0.0,0.0,0.0
100,2020-07-30,0.10920384277393018,0.8907961572260699,9.8233073354086,-0.5953495173019231,-0.30568442151184777
101,2021-04-11,0.0,0.0,0.0,0.0,0.0
102,2020-12-23,0.12815113246401383,0.8718488675359862,9.167954655479745,-0.30993138244374424,0.015479403843955046
103,2020-06-30,0.10090294649379919,0.8990970535062007,10.097284679055107,0.5699941596573846,0.588516775991793
104,2020-11-29,0.11823833126777507,0.881761668732225,9.292012520620208,0.06128798482784009,-0.1959372476915244
105,2021-11-16,0.10562890866912358,0.8943710913308763,8.541690663016626,1.2445429094351077,1.2578622844287437
106,2021-01-19,0.1438025594894964,0.8561974405105035,8.744647438317532,0.5801793888711768,0.8893174737588286
107,2020-09-11,0.10987727314809402,0.890122726851906,9.066585468331045,-0.275996133275683,-0.42129790166870956
108,2020-10-18,0.0,0.0,0.0,0.0,0.0
109,2020-12-22,0.10718510274781166,0.8928148972521882,9.345919666218006,-1.104676520900808,-0.1476409554344522
110,2021-07-19,0.12544968619701366,0.8745503138029864,8.6921543938039,0.34847441926440553,0.08638915432526605
111,2020-08-12,0.09052755562657501,0.9094724443734251,9.841186526338749,-1.1119982936713637,0.0250437933176721
112,2021-08-31,0.10614950644505886,0.8938504935549413,8.94767606249969,0.18285859149912242,-0.016958113503891082
113,2020-11-27,0.10159830306588256,0.8984016969341175,9.115370134384955,-0.29291938202519335,-0.16534175122557887
114,2021-02-10,0.1416946886961355,0.8583053113038646,9.070273383079064,-0.20320953302963143,-0.3855416891623674
115,2020-08-29,0.07999466762162666,0.9200053323783733,8.794521851788527,-0.2906495224796634,-0.29741568488494663
116,2020-09-12,0.09156495283534985,0.9084350471646502,9.194414221425923,0.13375419556796,0.197255913495461
117,2021-07-01,0.12438491843326137,0.8756150815667386,8.015987811027237,-1.3801081008465559,0.3370812192573326
118,2021-07-12,0.12023229630453987,0.8797677036954602,8.62245370207373,-0.4109233395580127,-0.7509368662742921
119,2021-05-27,0.12186643006535379,0.8781335699346463,8.43771698991444,-0.6676147337141222,-0.11108017836080866
120,2021-07-24,0.1145780869726876,0.8854219130273125,8.84159284680318,0.5321139651467319,0.519336674321821
121,2020-11-03,0.10060840543797825,0.8993915945620217,9.095714846134879,0.6686150667756526,0.0163980955830968
122,2021-02-27,0.0,0.0,0.0,0.0,0.0
123,2021-08-28,0.1049256727794213,0.8950743272205787,8.754160749323518,0.7225754057125389,-0.11233278886164147
124,2020-09-17,0.0,0.0,0.0,0.0,0.0
125,2021-07-16,0.09244994920613889,0.9075500507938611,8.718009330846357,-0.07703042014157352,0.9849941656777097
126,2021-01-30,0.14327933028269754,0.8567206697173025,9.045701550034536,-1.4137036689011724,0.679747807926442
127,2020-12-27,0.10190492777582127,0.8980950722241786,9.261603665913725,0.4559433220277365,-0.4366887685520196
128,2021-03-13,0.1382229067335372,0.8617770932664629,9.078407700715356,1.0617377316819763,-0.10859804110143216
129,2021-07-30,0.12757129132970432,0.8724287086702958,9.041803370152845,-0.6204848667094089,0.1663453844140134
130,2021-07-25,0.12325242019227796,0.8767475798077221,8.730851903519232,-0.5165724741218968,-0.4196957469810504
131,2020-10-04,0.06987165093669132,0.9301283490633085,7.221105098182496,-0.5716137490927218,-0.6116724254662885
132,2020-08-19,0.0,0.0,0.0,0.0,0.0
133,2021-01-17,0.10569498894958126,0.8943050110504188,9.233470789365038,-0.8332786175742989,0.24549429422617003
134,2020-10-17,0.0,0.0,0.0,0.0,0.0
135,2021-05-14,0.13755349625570004,0.8624465037443,8.970686268534983,0.2351374511094628,0.3028264817803199
136,2021-03-11,0.1492357162071006,0.8507642837928996,9.35444071594994,-0.2579900107129732,-0.18798080939374884
137,2020-07-13,0.09060321653197655,0.9093967834680234,10.265314203614462,-1.142238174869791,-0.09686245091770572
138,2020-12-05,0.07821440834899844,0.9217855916510016,9.280705634636746,-0.04939336103385577,1.6724082062358283
139,2021-03-07,0.1584669192458804,0.8415330807541197,8.518592212329946,0.43298650627601887,-0.2731186982966334
140,2021-03-21,0.0,0.0,0.0,0.0,0.0
141,2021-06-26,0.12383688845012537,0.8761631115498746,8.287528423111763,0.7189303059434401,-0.513676927109726
142,2021-07-10,0.10305568339192638,0.8969443166080736,8.644354337032917,-0.0017917479241416879,-0.09933824994855582
143,2021-08-29,0.09818863910438923,0.9018113608956106,8.823206220552741,-0.18635921982556986,-0.30570918685380516
144,2021-07-04,0.11436797826343076,0.8856320217365693,8.265392930852224,0.18261395050457224,-0.5903438934845119
145,2021-10-30,0.12214972204923183,0.8778502779507682,7.6362696033793735,0.06650429170574737,-0.058766959139126246
146,2021-07-17,0.0786048049945064,0.9213951950054936,9.759848102334518,0.41189570110741763,0.9686038740326527
147,2020-08-14,0.0,0.0,0.0,0.0,0.0
148,2021-06-19,0.12450689912095773,0.8754931008790423,8.07837810362652,-0.1080861608342659,0.6316765320720068
149,2021-06-16,0.11691528076502058,0.8830847192349794,8.561018670956267,0.5413459480138502,0.390326921427293
150,2020-06-29,0.09514824132806814,0.9048517586719317,10.104385494903019,-0.06186232484759741,-0.5813973653435823
151,2020-09-21,0.11399104419986711,0.886008955800133,7.944492163932159,-0.4630064150849588,0.9915877549960309
152,2021-03-03,0.1340463691611072,0.8659536308388929,9.040737587590003,0.12117045310190991,-0.8559147666879835
153,2021-03-15,0.14982799312520967,0.8501720068747904,8.97941663334301,-0.49343632563158474,0.15665524338569367
154,2021-11-29,0.12446510128095419,0.8755348987190459,8.934455109403913,1.0466837170458447,-0.5681764441385174
155,2020-08-15,0.0,0.0,0.0,0.0,0.0
156,2021-03-04,0.1379316110044297,0.8620683889955703,6.536691597591305,-0.5286796514244684,0.7322553752347152
157,2021-11-19,0.11020859273252365,0.8897914072674764,8.070593539949519,-1.6654028603879782,0.43053342789097554
158,2021-05-24,0.13948034518224345,0.8605196548177566,8.155649270366002,0.2972013860801646,-0.8542949156642282
159,2020-11-07,0.08941478504924616,0.910585214950754,9.222367752188902,-0.10170237602594534,-0.3545199984409013
160,2021-05-05,0.15773811583791456,0.8422618841620855,8.540519016719735,-0.1514770848412331,1.2693315691470755
161,2021-07-26,0.0,0.0,0.0,0.0,0.0
162,2021-04-28,0.12774151662958527,0.8722584833704147,8.816260208734581,-0.45007771238591904,0.8127111675236018
163,2021-02-12,0.1304558966292851,0.869544103370715,8.966738978759576,0.8642589447414628,-0.4776147671550034
164,2021-02-28,0.0,0.0,0.0,0.0,0.0
165,2021-07-06,0.12049516018455066,0.8795048398154494,8.644002038279933,1.4791705720611374,0.3024527920354232
166,2021-10-23,0.1265650256153744,0.8734349743846255,7.765993079407675,0.01907017193298955,-0.20290572781321128
167,2021-06-24,0.1278370580999521,0.872162941900048,8.367532416861831,0.443973057990664,-1.2199989960349011
168,2021-05-02,0.1572752149011404,0.8427247850988597,8.576405051048084,-0.1458250565588648,0.18836045384724623
169,2020-11-19,0.09580448415804892,0.9041955158419511,9.471473109194427,-0.016605167664642383,-0.09691631529264955
170,2020-12-26,0.09669005394768129,0.9033099460523187,9.334326351757174,0.2482703241011841,0.40874732900879784
171,2021-05-08,0.12507717305172622,0.8749228269482737,8.262042843966942,0.18674985267108715,-0.8602645976465122
172,2021-01-28,0.16301290063358972,0.8369870993664102,9.358415490041546,0.0747284887029257,-0.04563243615761498
173,2021-01-13,0.13147880975767767,0.8685211902423223,9.126523885883072,-0.7087356192657658,0.5070993940376834
174,2021-07-02,0.12570531881867558,0.8742946811813245,8.087025470667701,0.8159769537134286,-0.7785225237990917
175,2021-11-04,0.12746398282450327,0.8725360171754967,8.21554741194707,-0.4875274987789066,0.6556808259806675
176,2021-03-25,0.0,0.0,0.0,0.0,0.0
177,2021-10-18,0.12548824225568944,0.8745117577443106,7.936660155225426,-1.4444655129164248,0.9695106594521321
178,2021-10-28,0.10728222519303764,0.8927177748069623,8.07558263667172,-0.43362067004192234,1.0768602936257738
179,2021-04-23,0.138040099499007,0.861959900500993,8.736328721332908,-0.217392649198467,-0.5551740212739167
180,2021-03-28,0.14212465028968682,0.8578753497103132,9.01517670716893,1.018495569364868,0.17820699162590004
181,2021-07-28,0.09690903813731264,0.9030909618626873,9.234447447319416,-2.0312646980636484,0.4280095447869568
182,2021-06-20,0.1006209751711182,0.8993790248288818,8.164225652265827,0.8277133499219527,0.03288889415235644
183,2021-01-24,0.0,0.0,0.0,0.0,0.0
184,2020-10-03,0.08765753630402297,0.912342463695977,9.315690887584008,0.0879834281646777,-0.019841829742691386
185,2021-03-16,0.14463551970531457,0.8553644802946855,8.642238680390461,0.7618696601892405,0.4399947917044643
186,2020-12-16,0.11124696860990947,0.8887530313900905,9.448569560708433,-0.5699482124503619,0.08727156202365746
187,2020-09-10,0.07537517891796604,0.924624821082034,9.45735668770195,0.1276293120700528,0.32850116083442343
188,2021-02-19,0.0,0.0,0.0,0.0,0.0
189,2021-11-01,0.11594095341852985,0.8840590465814702,7.957527402230773,0.22493859091796542,-0.6824425507423938
190,2021-07-20,0.10778328194016482,0.8922167180598352,8.859647499714997,-1.8840114073562242,0.4504504037294294
191,2021-04-29,0.11483177701683464,0.8851682229831654,9.05193063522854,0.5760578046690135,-0.294062869147305
192,2021-06-21,0.13954475187789822,0.8604552481221017,8.201111644442758,-0.1773134908589865,-0.31629053123915213
193,2021-01-10,0.13564707800361092,0.864352921996389,8.867850063029406,-0.8502951168143724,1.204878156090531
194,2021-05-04,0.13206620532167046,0.8679337946783295,8.730367211692958,-0.5227151378286446,0.1859340319764332
195,2020-07-10,0.059865080272620094,0.9401349197273798,10.464159924946674,-0.41592587194909425,-0.41807986935194114
196,2020-10-11,0.09106976776871403,0.908930232231286,9.105646300861517,-0.427631408008144,0.3333002771247784
197,2021-04-06,0.14604366955094028,0.8539563304490597,9.250137841850249,-0.23143826391177552,0.36122444743354076
198,2020-07-14,0.09417863946034244,0.9058213605396576,10.364860292582588,0.5699926483191299,-0.7730927042477254
199,2020-08-08,0.08026408119216556,0.9197359188078345,9.76105955940385,0.05786885532034641,-0.8207430071127184
200,2021-02-18,0.141180758139427,0.858819241860573,8.805525052709516,0.06685228142704713,-0.47485336897582653
201,2021-03-18,0.0,0.0,0.0,0.0,0.0
202,2020-12-14,0.12112073412436831,0.8788792658756317,9.534450801041515,-0.46698929300662634,0.9386963449888336
203,2021-03-29,0.1450122844418581,0.8549877155581419,9.078179468373843,-0.46056703151836986,-0.636692505231669
204,2021-07-22,0.11795470403805257,0.8820452959619474,8.977525200965243,-0.3813099845146713,-0.005708257893597377
205,2020-06-19,0.09529416727161229,0.9047058327283877,9.686139673818495,0.19621094331150246,-1.0873731021539208
206,2021-05-29,0.128694203142834,0.8713057968571659,8.34212526333359,-0.5331009432417643,0.5983277161274007
207,2021-01-20,0.14901203961528808,0.850987960384712,9.020268861722167,0.14303989526952526,-0.2617245729877581
208,2020-07-01,0.09001419442794745,0.9099858055720526,10.339708157564283,0.4935629587561524,-0.06550680994915346
209,2021-04-15,0.14406275312976097,0.8559372468702391,8.963288275610298,0.7637144754966907,0.8511412686961283
210,2021-09-08,0.1110574882773077,0.8889425117226923,8.622273667866745,-0.08115783726612295,0.0022392379029983946
211,2021-01-27,0.14455421148426512,0.8554457885157348,9.062652099076578,-0.18501272696177853,0.18435494297755534
212,2020-09-26,0.0,0.0,0.0,0.0,0.0
213,2021-11-05,0.090354744611504,0.909645255388496,8.502688505213357,-0.5386371422066883,0.22999737308549317
214,2021-11-26,0.11212298060376746,0.8878770193962326,9.145908511816794,-0.6032691979809973,0.5092477250505697
215,2021-02-11,0.13902900415702293,0.8609709958429771,8.929832503272403,-0.04266193878180719,-0.9374076114766066
216,2021-02-08,0.1277357513063781,0.872264248693622,8.872206756028303,-0.0767942418142414,-0.9282061841667476
217,2021-01-04,0.12157121398636608,0.8784287860136338,9.331141072121888,0.8896789598936947,-1.2457905178983524
218,2020-06-23,0.09547339846871745,0.9045266015312826,10.09893097320806,0.33606368934599595,-0.43867228772411887
219,2020-06-15,0.08714462097948213,0.9128553790205178,9.928619093173733,-1.045848081874681,0.09103766104984173
220,2021-11-22,0.0,0.0,0.0,0.0,0.0
221,2020-11-11,0.0,0.0,0.0,0.0,0.0
222,2021-06-25,0.10513402935460815,0.8948659706453919,8.43076346341785,-1.0559700588649734,0.44991406343036294
223,2020-11-09,0.10465392579740054,0.8953460742025994,7.122059881629142,-0.07831337518973817,-0.20073204368530115
224,2021-02-22,0.1370717035434227,0.8629282964565773,9.022443300849043,0.030530148153266354,-0.3807629302814317
225,2020-08-06,0.0,0.0,0.0,0.0,0.0
226,2021-03-09,0.15029381771099593,0.8497061822890041,8.903951072058707,-3.333791085106462,0.5260473760151386
227,2020-07-15,0.0946574366745107,0.9053425633254893,10.17945123203371,0.420945597789809,1.1439095144529778
228,2021-04-12,0.0,0.0,0.0,0.0,0.0
229,2021-02-16,0.13066656402542795,0.8693334359745721,8.066835314417336,0.3730943664491231,-0.5429604808727279
230,2021-07-27,0.0,0.0,0.0,0.0,0.0
231,2021-10-14,0.14733566529730782,0.8526643347026922,7.726212650507529,0.34172417244531406,-0.4689769092036408
232,2020-08-13,0.08639568465891055,0.9136043153410893,9.861519067713626,-0.1994742333546579,0.5324946337278704
233,2021-11-14,0.10751744105951336,0.8924825589404866,7.906547232368036,0.20346063367421846,-0.9134056314625627
234,2020-12-24,0.10949217211839164,0.8905078278816083,9.21761385594268,0.6507016407181063,-0.4557753942122506
235,2020-08-11,0.0,0.0,0.0,0.0,0.0
236,2021-09-29,0.11667006027599895,0.8833299397240011,8.314587291319576,-0.05112911560923038,-0.32483243692079616
237,2021-08-20,0.10635883809409846,0.8936411619059015,9.010302809376448,0.00438064187310686,0.6424945502214665
238,2021-04-16,0.1319962928460741,0.8680037071539258,8.587651655064798,-1.690015552831905,0.6424177504359849
239,2020-10-23,0.08646709677016516,0.9135329032298348,9.508517181520606,0.3995043891244111,0.6912857882414319
240,2020-11-21,0.08649829649913424,0.9135017035008658,9.687567846311238,0.4522906499474715,-0.4449319679383105
241,2021-09-02,0.08262751811528697,0.9173724818847131,8.88516409509682,0.035950165069787855,-0.4833252638682298
242,2021-10-03,0.11040488784246803,0.8895951121575318,8.259199362666282,-0.5426906124916817,0.31960740804270704
243,2021-04-30,0.13196842658942315,0.8680315734105768,8.629271094821588,0.9229282083627467,0.02836652075000693
244,2021-09-10,0.1056613269160746,0.8943386730839253,8.469472455204826,0.24778788364871887,0.06279143007425772
245,2021-05-11,0.1226454393176571,0.877354560682343,8.6652683094816,0.7818115637842801,-0.3959942226186657
246,2020-09-07,0.10668492424730222,0.8933150757526979,9.08398318309966,0.22394590981622037,0.8453047203730794
247,2020-12-20,0.11274329767193288,0.8872567023280671,9.577480365762678,0.9745690651855989,-0.01978507064139621
248,2020-10-20,0.08835195476871233,0.9116480452312876,9.222466551774023,-0.8270884057319081,-0.017787521841877454
249,2021-09-23,0.12581700562594975,0.8741829943740503,8.6020856584342,-0.08529061402633223,0.598777251942578
250,2020-12-07,0.12282954202831724,0.8771704579716828,9.38538551979936,-1.1517544984295027,1.1010523166283677
251,2020-10-06,0.08810149881601272,0.9118985011839873,9.52405562147478,0.8119213652105507,0.20547970524215853
252,2021-01-11,0.14276849454394266,0.8572315054560574,9.070618428801046,-0.9853330999776186,0.6998643847294895
253,2021-10-13,0.14787784452949676,0.8521221554705033,8.20631072579402,-0.2130254988189709,0.26191684786134684
254,2021-11-03,0.10388100753635773,0.8961189924636422,7.86480400332846,0.28992937904312654,-0.17542379707676295
255,2020-12-08,0.0965090643913095,0.9034909356086904,9.484253080341965,1.0961613279133273,-0.4992187847910013
256,2020-11-16,0.11411801106946716,0.8858819889305328,8.610865667278873,0.47792780060568024,0.7561339583947755
257,2021-04-24,0.11567496861718679,0.8843250313828134,8.706655856361559,-0.5378007054710224,0.16087657199447156
258,2021-05-16,0.11984593513192769,0.8801540648680723,9.415890054889344,-0.2515823360657338,0.2735319000624683
259,2021-08-25,0.11449211639101456,0.8855078836089855,9.158941808890182,-1.4945211927220101,0.3502158198336415
260,2021-09-17,0.11404659548506288,0.8859534045149371,8.694167141883597,-0.4563036463248192,-0.41794189074537247
261,2020-09-30,0.0,0.0,0.0,0.0,0.0
262,2020-08-04,0.08748335753878583,0.9125166424612142,9.964112174352563,-0.21538090388253547,0.016479328675240726
263,2021-03-02,0.14414204369192854,0.8558579563080714,9.111514017669288,-0.2390508397884764,0.8653422534257225
264,2021-03-20,0.0,0.0,0.0,0.0,0.0
265,2021-01-31,0.1418437870902546,0.8581562129097453,8.941807118363164,-0.27394779916546724,-0.7080659815870033
266,2021-11-25,0.10033446402543984,0.8996655359745602,9.173157580848466,0.19095263294210257,0.463246719334996
267,2020-07-29,0.06946221120172796,0.930537788798272,10.218663189296832,0.3400666792127248,0.5170370212091335
268,2020-10-01,0.0,0.0,0.0,0.0,0.0
269,2020-09-04,0.0,0.0,0.0,0.0,0.0
270,2021-02-09,0.1298362549497501,0.8701637450502498,8.740976538017787,-1.7067480200014435,0.9529969522999981
271,2020-11-10,0.0,0.0,0.0,0.0,0.0
272,2021-04-17,0.13762536677259657,0.8623746332274034,8.751949058058614,-0.2930982057020173,-0.016782958464647557
273,2021-11-10,0.1032169805954914,0.8967830194045086,7.9909154630913255,0.08655116485528448,-1.6057241095694779
274,2021-03-22,0.0,0.0,0.0,0.0,0.0
275,2020-08-26,0.0,0.0,0.0,0.0,0.0
276,2020-10-21,0.0,0.0,0.0,0.0,0.0
277,2021-07-31,0.06996717579302397,0.930032824206976,9.497247143960212,-0.6329402813922793,-0.11248128160238087
278,2021-08-21,0.11857820769656735,0.8814217923034325,8.9641840463529,0.20167354261448286,0.23287621977247216
279,2020-08-20,0.0,0.0,0.0,0.0,0.0
280,2021-11-24,0.12094656228538629,0.8790534377146138,8.546557800046141,-0.2698035866008403,-0.15477309443172207
281,2020-06-21,0.10190802567104112,0.8980919743289588,9.671996759734089,1.1588799204169637,0.9128081363652178
282,2021-04-25,0.12691890499695632,0.8730810950030438,9.022684613591526,-0.6867319269353759,0.3936373116955441
283,2021-03-23,0.0,0.0,0.0,0.0,0.0
284,2021-08-17,0.13505822843339735,0.8649417715666027,8.878776071707552,-0.6638905055523173,-0.24766488417563898
285,2021-05-09,0.1419987299525758,0.8580012700474242,8.712759974960212,0.3050429070451699,-0.3212684943863542
286,2020-11-20,0.08732509263323288,0.9126749073667672,9.561067663645012,-0.06979529734099689,-0.08897310700348152
287,2021-10-22,0.1475645931024365,0.8524354068975634,7.806289289267033,0.370103913811347,0.5024839060384653
288,2020-10-31,0.08484614897737935,0.9151538510226206,9.667955074409104,1.172873232413828,-0.7831136501647202
289,2021-03-30,0.1492509463775798,0.85074905362242,9.004299728561636,0.6360004145315692,-0.6735741715558744
290,2021-03-08,0.1388041342555005,0.8611958657444995,8.911529941736559,0.3357618709019753,0.6020570296056627
291,2021-07-11,0.1201183841137601,0.8798816158862399,8.46884293047519,0.45645825851336724,0.8494591079956803
292,2020-08-22,0.0,0.0,0.0,0.0,0.0
293,2021-07-13,0.09913821359638035,0.9008617864036197,8.651024539049757,0.13002234571290874,0.24341757327905333
294,2021-01-16,0.13479015216693627,0.8652098478330638,9.10063710688422,-0.6346588745254909,0.37370008709711544
295,2020-08-05,0.0,0.0,0.0,0.0,0.0
296,2021-06-05,0.1456039736601631,0.8543960263398368,8.066835314417336,-0.804212908437862,0.763230955144269
297,2021-03-01,0.13695075319097005,0.86304924680903,8.613048677059759,0.12758048957212634,0.15463392209745278
298,2021-05-17,0.13686066353911988,0.8631393364608803,8.998631198287637,0.24276760489638227,0.9403478548854102
299,2021-02-17,0.11449543787369225,0.8855045621263078,9.038602608721874,-1.2165770400517066,0.7447573604131132
300,2020-08-03,0.07909576806668293,0.920904231933317,9.777016888482178,-0.17606081930190648,-0.7547198624870407
301,2021-04-08,0.15611870249945992,0.8438812975005402,8.967376693212666,0.7746544151595939,-0.5753696939412242
302,2021-10-10,0.10243063216983103,0.8975693678301689,7.640123172695364,-0.05052723413875321,0.08270981791567342
303,2021-10-11,0.10747790675485427,0.8925220932451458,7.774435510302958,-0.3440779264282857,-0.3693556740537788
304,2020-11-25,0.11248468321840528,0.8875153167815947,9.249272581977971,0.7069086453326289,-0.08420512919157112
305,2020-06-16,0.10128251071703638,0.8987174892829637,9.866408544294707,-0.4758193405637337,-0.09550557363771245
306,2020-10-30,0.09417016699965536,0.9058298330003446,9.399223686605279,-0.3370935631696936,-0.17401631798722184
307,2021-01-05,0.12047026252612568,0.8795297374738744,9.11679862756782,0.255509718370025,0.33369570555745515
308,2021-01-14,0.1431370333403016,0.8568629666596985,8.492490578775866,0.5696323832661631,-0.40425600945784324
309,2020-09-03,0.12679197962859637,0.8732080203714037,9.093806555720231,0.33391040793045107,0.879336214703971
310,2020-10-16,0.0,0.0,0.0,0.0,0.0
311,2020-06-17,0.1043060248202364,0.8956939751797637,9.773094088602532,0.15953011310350032,-0.10268214011008894
312,2020-10-02,0.11448825656126273,0.8855117434387373,9.456262510179732,0.02043628590225735,0.24760137046803846
313,2021-08-06,0.11827191058338302,0.8817280894166171,9.225524507301223,-1.2115624015903081,0.24616162582759515
314,2021-05-18,0.14211664498019705,0.8578833550198031,8.768263145371286,-0.7989069903062469,0.3195554700739163
315,2021-09-16,0.10054900821907796,0.899450991780922,8.87626525995469,-1.1890940592525303,0.24319761432888015
316,2021-07-29,0.08979349419775821,0.9102065058022419,9.512073267650623,-2.1394390899924587,0.2859842808787677
317,2021-09-13,0.12052568550993852,0.8794743144900614,8.573573524852344,1.19339215834099,0.8137013482246087
318,2020-11-02,0.09230330333877153,0.9076966966612283,9.249080200292113,1.0420655614373413,-0.3202843960924949
319,2020-07-12,0.08556237819334006,0.91443762180666,10.388779960503847,-0.10601141827101163,0.3737481634978534
320,2021-09-27,0.12225030886221026,0.8777496911377897,8.35819745992578,-1.0046863888325361,0.5843400739324588
321,2021-10-05,0.14037096589224005,0.85962903410776,8.178358165605836,-0.2794274314982123,-0.618460059081724
322,2020-07-06,0.0742227067796917,0.9257772932203083,8.689801056022553,0.4630330385265081,1.1243406585296731
323,2021-06-17,0.0,0.0,0.0,0.0,0.0
324,2021-06-18,0.1165132659090559,0.883486734090944,8.127699852817772,-1.144116639975353,0.4422753513027402
325,2021-07-07,0.10112124434745606,0.8988787556525439,8.571491964823617,0.06632518045111083,-0.27585187021732427
326,2020-10-13,0.0,0.0,0.0,0.0,0.0
327,2021-06-08,0.14276348110914489,0.8572365188908551,8.178077463849608,1.1814013865030513,1.139446530763683
328,2021-07-23,0.10178743714418949,0.8982125628558105,8.891649112650057,-0.42698048912861064,-0.06224035795692695
329,2020-07-04,0.09160361203099933,0.9083963879690007,9.997433165378656,0.6984144887254473,-1.6016696120770457
330,2021-06-01,0.1550615381162344,0.8449384618837656,8.095293776844649,-0.11255019158373074,0.5890149252031436
331,2020-11-12,0.0,0.0,0.0,0.0,0.0
332,2021-03-12,0.11876641439944108,0.8812335856005591,9.115370134384955,-0.7522240500795637,-0.2940726498681956
333,2020-11-06,0.06829680061679473,0.9317031993832053,7.845024417241484,-0.17526916079465973,-0.6614579582335647
334,2020-12-31,0.0,0.0,0.0,0.0,0.0
335,2021-03-06,0.1376553954276179,0.8623446045723823,6.992096427415888,-2.2526534650074814,0.5436948241312526
336,2020-10-05,0.0,0.0,0.0,0.0,0.0
337,2021-08-09,0.10538325814137293,0.8946167418586272,9.130647603066935,0.5694920293626695,0.24978674430435374
338,2021-09-15,0.11454640740857859,0.8854535925914213,8.838261682885651,-1.3125686111215302,0.048575173027706885
339,2021-08-13,0.0,0.0,0.0,0.0,0.0
340,2021-06-04,0.1211212326273828,0.8788787673726173,8.041734711487537,0.6112820706917873,0.6504037329460072
341,2020-11-04,0.09365614745977247,0.9063438525402274,8.629449873761905,0.21038923176860425,0.6579866476745696
342,2020-08-30,0.0978512179839937,0.9021487820160062,9.127719343287845,-0.3115153748580762,0.1623586561472703
343,2021-02-13,0.13178702194077377,0.8682129780592263,8.83127373772255,-0.6896474926739863,0.08561301015819256
344,2020-09-19,0.0,0.0,0.0,0.0,0.0
345,2021-06-14,0.13196756212497718,0.8680324378750228,8.185907481482324,0.6381921494475407,-0.07253867498332019
346,2020-08-17,0.0,0.0,0.0,0.0,0.0
347,2021-08-02,0.10258279771154852,0.8974172022884516,9.286838342948908,0.44547432309179413,1.1184662444015567
348,2021-08-19,0.10484542911265422,0.8951545708873457,8.80956425335415,-0.11380409494385939,-0.14511983055433694
349,2021-09-19,0.13980325692594117,0.8601967430740589,8.499843553081124,0.4955033268021937,0.08155239331073057
350,2020-07-18,0.0904789735064815,0.9095210264935185,9.911604520638075,-0.20466475893586616,-0.7106780971926231
351,2021-10-20,0.13540628201789573,0.8645937179821043,8.264105763728956,0.5724408582027991,0.949086172357089
352,2020-12-01,0.11171238106089548,0.8882876189391045,9.40894529884324,0.8969113608858488,0.3817187357463101
353,2021-03-24,0.0,0.0,0.0,0.0,0.0
354,2021-01-09,0.12325518975555817,0.8767448102444417,8.773229786032473,-0.22041517690421758,-0.27291361887459675
355,2021-05-12,0.143325421830283,0.856674578169717,9.345308232386667,-0.3945022247176581,-0.7687647637663176
356,2021-10-16,0.13976189337036804,0.8602381066296318,7.693937325509272,-0.2605839811840919,-0.21493255991000507
357,2021-08-10,0.11903660523106116,0.8809633947689388,8.936561204693394,0.030006271441545454,-0.061682697804749734
358,2021-05-26,0.13873530621711097,0.8612646937828891,8.408939605975984,-1.1131193619718707,0.17801496367291736
359,2021-09-14,0.0951061734868065,0.9048938265131935,8.786303878282583,-0.2005376418208289,0.29664833037736177
360,2021-10-09,0.10653804532962491,0.8934619546703753,7.690286020676768,0.147285849708108,1.4578857420656133
361,2021-06-06,0.0,0.0,0.0,0.0,0.0
362,2020-12-12,0.10415005570077022,0.8958499442992298,9.187685681411377,0.25244687242126984,0.35669900559885753
363,2020-11-15,0.10191430331169947,0.8980856966883004,7.906547232368036,-0.007698871089175346,0.28433202233184296
364,2021-04-10,0.0,0.0,0.0,0.0,0.0
365,2020-11-24,0.09969293671804347,0.9003070632819564,9.332558004700433,-0.2808491560909943,0.7918700519103932
366,2020-12-17,0.09716735136075276,0.9028326486392473,9.478457288933123,-0.5014567588778807,-0.013014489773223748
367,2021-01-12,0.0,0.0,0.0,0.0,0.0
368,2021-05-15,0.11754074710720179,0.8824592528927983,9.038721338315364,-0.5178404929717506,-0.24114672006301646
369,2021-09-22,0.10235120386061462,0.8976487961393854,8.696343057044556,0.3843769408522775,0.6401336546109626
370,2021-07-05,0.11016334271440871,0.8898366572855912,7.095893221097532,0.3881345760567093,0.32450115899822884
371,2021-01-21,0.0,0.0,0.0,0.0,0.0
372,2020-08-16,0.0,0.0,0.0,0.0,0.0
373,2020-12-30,0.0,0.0,0.0,0.0,0.0
374,2020-07-20,0.11968713076972544,0.8803128692302745,9.85828095969805,0.11342495859960598,-0.3782628761533492
375,2020-06-20,0.08963774828624038,0.9103622517137596,9.519955154427514,0.1395891716071438,0.3350228499078004
376,2021-05-25,0.12416275554856437,0.8758372444514356,8.43076346341785,-1.5219593795296722,0.13032155518265923
377,2021-01-07,0.1378586538397989,0.8621413461602011,8.974364841846596,1.1748318421902584,-0.6401280858638985
378,2020-08-10,0.0,0.0,0.0,0.0,0.0
379,2021-06-10,0.0,0.0,0.0,0.0,0.0
380,2021-09-11,0.10121106953897087,0.8987889304610291,8.366137716496281,-0.8616481682355491,-0.313544252041024
381,2021-01-22,0.0,0.0,0.0,0.0,0.0
382,2020-12-29,0.12276178657383002,0.87723821342617,9.446202695698167,-0.41293094664924496,0.0030869937952442005
383,2021-01-03,0.10928270194031266,0.8907172980596872,9.188094763028863,-0.7622784640276954,-0.007877262175696918
384,2021-01-06,0.12963417851157674,0.8703658214884232,8.729397122692061,-0.29073451787295707,0.5797205472821045
385,2021-04-05,0.1448509890107859,0.855149010989214,9.10597935665144,-0.2198886214173078,0.339291760609764
386,2020-11-30,0.10725404217626887,0.8927459578237311,9.313077449427295,0.28926739781750294,-0.7304685455463471
387,2021-02-06,0.0,0.0,0.0,0.0,0.0
388,2020-08-21,0.0,0.0,0.0,0.0,0.0
389,2021-08-15,0.11269547154107716,0.8873045284589227,8.971067438732089,-1.59873651641948,0.14149125579012717
390,2020-12-06,0.10841266801576584,0.8915873319842342,9.167537249650874,0.14122353082054068,0.4196410275147892
391,2021-11-30,0.0,0.0,0.0,0.0,0.0
392,2020-08-02,0.08293697999901425,0.9170630200009856,9.88969284151394,-0.42040733676041175,-0.06929558527451828
393,2021-01-29,0.15412690156679817,0.8458730984332019,9.004053937728395,-0.0812956252483694,-0.6142334618335591
394,2021-03-31,0.1361977733886211,0.8638022266113788,9.04735074348172,0.9179498626409148,0.24714309597807357
395,2021-01-25,0.0,0.0,0.0,0.0,0.0
396,2021-11-08,0.11218010835064426,0.8878198916493556,7.844632644464681,1.0340818972641954,0.6549505368998525
397,2021-09-30,0.0,0.0,0.0,0.0,0.0
398,2021-08-27,0.10211867415099667,0.8978813258490034,8.946114375560743,-1.7560308059336294,0.37218368989201933
399,2021-09-28,0.08108522838840088,0.9189147716115992,8.845921233304018,-1.9806972576067432,0.6426865540657669
400,2021-05-23,0.15430280753212372,0.8456971924678763,8.407824654360873,0.39366236022849127,1.2074402259085175
401,2021-11-15,0.11848449862016242,0.8815155013798376,7.846198815497425,0.9513741070060587,0.24645792893015994
402,2021-01-15,0.1282756840148436,0.8717243159851564,8.946374826141717,-1.0782513709821568,0.2602439827372601
403,2020-06-24,0.08215882523841377,0.9178411747615862,10.088596886532404,0.6022355633468791,-0.12234907733272089
404,2020-11-28,0.12864916963748102,0.871350830362519,9.428350771178645,-0.5471592830888734,0.8452628887257732
405,2021-11-20,0.09840160133301158,0.9015983986669883,8.1797604936999,-0.3948482786492757,0.07023940122298107
406,2021-08-26,0.12806306827460184,0.8719369317253981,9.085003880664885,0.4057576653688309,-0.5370762431600894
407,2021-03-27,0.1397584193968246,0.8602415806031753,8.752581469146884,0.44542034943529185,0.18604953628609452
408,2021-02-05,0.0,0.0,0.0,0.0,0.0
409,2020-10-07,0.0,0.0,0.0,0.0,0.0
410,2021-05-03,0.149085094446542,0.8509149055534581,8.660773919893762,-0.012557292243351387,-0.3948940860160818
411,2021-10-08,0.07869245415803562,0.9213075458419644,7.5883236773352225,0.4746889749942478,0.2913103518022734
412,2021-11-11,0.10928176580408389,0.8907182341959161,7.989560449333865,0.552011258846309,-0.01573677909050725
413,2021-07-18,0.09515228121711629,0.9048477187828837,8.751632702472298,-0.15737260812945278,0.5784373297370926
414,2020-09-28,0.06978027258981828,0.9302197274101817,9.250618218474752,0.04275436586715444,-0.8230600491426238
415,2021-08-16,0.11432730585979126,0.8856726941402087,9.170559501964338,0.369355042687454,-0.6333462077912412
416,2021-02-04,0.0,0.0,0.0,0.0,0.0
417,2021-11-09,0.12707825053019092,0.8729217494698092,8.00836557031292,0.9209460265561392,0.5655707590659746
418,2021-06-11,0.13511672298626048,0.8648832770137396,7.955425088912672,1.2988000098126937,0.286042381827235
419,2021-07-03,0.1034023846806756,0.8965976153193245,8.160518247477505,1.009489257992203,-0.22244526728629024
420,2021-08-30,0.1462219352308194,0.8537780647691806,8.861066543517762,0.1820807939180321,1.5608978302226393
421,2020-11-17,0.1415100584829645,0.8584899415170355,7.789454566086673,-0.7976739577690275,0.6991260411995042
422,2021-08-14,0.10083244747650029,0.8991675525234998,8.90910013492555,0.864106917070627,-1.1981555395782073
423,2020-09-09,0.10373538085525218,0.8962646191447478,9.157361447185297,0.1704034232436612,0.5363338502491625
424,2021-02-20,0.14878780881053832,0.8512121911894617,8.956222016362542,-0.47959598829611677,0.681821267418829
425,2021-06-03,0.09523583897167344,0.9047641610283267,8.33758794211651,-0.9661516275437607,1.4161430654836316
426,2020-12-10,0.1178773486962259,0.8821226513037742,9.240869577011006,-0.46449712614375305,0.1926338608564376
427,2021-01-08,0.12564589735982698,0.8743541026401731,8.890135107818843,-0.007464099479152551,-0.8648820513545848
428,2020-08-25,0.0,0.0,0.0,0.0,0.0
429,2021-10-27,0.11938332159179785,0.8806166784082022,8.119100837637486,1.0276608868635329,-0.033771421800545896
430,2020-11-22,0.11703521183064063,0.8829647881693594,9.507106063161006,-1.0661047557048577,-0.16458057725372469
431,2020-08-23,0.0,0.0,0.0,0.0,0.0
432,2020-06-25,0.08148683151531998,0.9185131684846799,10.30501157141103,0.4993635173319055,-0.45192080995734957
433,2021-02-24,0.12526471962796135,0.8747352803720387,8.933796043934858,-1.1342990743348413,0.5837204743212322
434,2021-06-23,0.11842349755767367,0.8815765024423263,8.411832675758411,-0.4363308473432251,-0.0700770233546591
435,2020-10-26,0.09691685168779868,0.9030831483122014,9.51473205799091,-0.5620380937709678,0.5116197678628289
436,2021-02-01,0.14908770963732865,0.8509122903626714,9.03455739202181,0.24673910426947776,0.45215065183266206
437,2021-07-09,0.112776464775034,0.8872235352249659,8.614682812693495,0.4252403256382109,0.5730038602263116
438,2021-05-21,0.1240469984930511,0.8759530015069489,8.101374671228582,-1.189617874609973,0.13152912461881452
439,2021-02-23,0.12909356103327715,0.8709064389667228,8.921057018157429,-0.23949433045761725,-0.44935673718331826
440,2020-07-16,0.10187269243694821,0.8981273075630518,10.108752224963046,0.0731101985791909,-1.8681098709815942
441,2020-10-10,0.0854949687355434,0.9145050312644567,8.997394645638419,1.3684357482267573,0.751006868022707
442,2021-05-22,0.16367680622161254,0.8363231937783874,8.265392930852224,0.81688524661367,0.2988337747087154
443,2020-12-02,0.11003227250443166,0.8899677274955683,9.380589347535867,-0.7870789675946609,-0.2759786633968776
444,2020-09-20,0.0975779536581981,0.9024220463418019,8.499029220788566,0.4814995286140734,-0.022514611578451728
445,2021-10-24,0.14164778448676038,0.8583522155132396,7.9672801789422,-1.17374405345743,0.23289381481511573
446,2020-09-29,0.0,0.0,0.0,0.0,0.0
447,2020-10-14,0.0,0.0,0.0,0.0,0.0
448,2021-02-02,0.14779760911869044,0.8522023908813096,8.799360083179907,-0.8115011048695284,0.3111651898691534
449,2021-04-07,0.14032923673849215,0.8596707632615078,9.07680897935166,-0.07068033928743683,0.2306437608518598
450,2021-06-02,0.12461674435021491,0.8753832556497851,8.317277766221235,-0.3422096116495091,0.025119442922952626
451,2020-12-19,0.10168256806455199,0.898317431935448,9.482274087459825,0.1609666162727503,1.1288862782766458
452,2021-03-14,0.14579097060866517,0.8542090293913348,8.35608503102148,-1.5746141665266447,0.17226792995157866
453,2020-07-26,0.10072964962789667,0.8992703503721032,10.04966366269373,0.1315006500792317,0.5395783154947447
454,2020-09-13,0.10592711841522101,0.8940728815847789,9.13399913871946,-0.3642293218358836,0.7881908215185081
455,2021-07-15,0.09424334246929023,0.9057566575307098,8.885440911707585,-0.46329634276537657,0.8803589069784363
456,2021-06-15,0.15571744945443425,0.8442825505455658,8.146998697389993,0.47623404373917116,-0.21714838806629527
457,2021-08-07,0.11166064822745853,0.8883393517725415,8.914491710191342,-0.819937000440162,-0.1521263086536677
458,2021-04-22,0.1509750296121475,0.8490249703878525,8.84130362048157,0.42498465547206626,-0.8794098144118961
459,2021-08-03,0.10110392964676604,0.898896070353234,9.244645175668174,-0.1911171707089568,0.9137969510114942
460,2021-11-23,0.1207621487026341,0.8792378512973659,8.083637203141548,-0.42734134675578567,-0.47311447285305724
461,2021-10-29,0.14447153220595368,0.8555284677940465,7.842671474979457,1.1478090717606448,0.6626366629285974
462,2021-09-09,0.12848662749632211,0.8715133725036779,9.371523409567573,0.5647200847569186,0.32665927440743586
463,2021-06-12,0.1232631948233913,0.8767368051766087,7.9996785794994505,0.514261696617379,0.0355916166698147
464,2021-04-01,0.1768419456565999,0.8231580543434001,8.976893927666076,0.9530588819166734,-0.3604357449058403
465,2021-04-19,0.12772885406748946,0.8722711459325104,9.007856923358275,-0.6304307825396042,0.48426405756833946
466,2021-02-03,0.0,0.0,0.0,0.0,0.0
467,2021-04-27,0.1342426667557792,0.8657573332442209,8.906528917594517,0.45368434280076764,-2.0951673753731415
468,2020-07-21,0.07978928356153436,0.9202107164384656,10.020737112586367,-0.07650703422073143,-0.5844531953281928
469,2021-11-17,0.12051298356019124,0.8794870164398089,8.311889558230359,-0.3975197303327515,0.7576908164156586
470,2021-10-04,0.14140808974996688,0.8585919102500331,8.190077049719049,0.3588058077224497,0.5897762248567715
471,2021-05-06,0.1390644838223034,0.8609355161776966,8.493924564476883,-0.08727505004879516,-0.6961103174544216
472,2020-12-04,0.0,0.0,0.0,0.0,0.0
473,2020-07-22,0.08742847862482167,0.9125715213751784,10.109403558183711,0.9296732527250979,0.0675408940407236
474,2021-05-19,0.15618025225246368,0.8438197477475364,8.488382109562117,0.4632302341137763,0.14689504850886662
475,2021-09-05,0.1121246857893133,0.8878753142106867,8.45914025996762,0.6032771220294653,-1.046228508308478
476,2020-12-21,0.1197859686935387,0.8802140313064614,9.532351404751555,0.06971480641003462,-0.5279556190758629
477,2021-10-19,0.1307318675820603,0.8692681324179397,8.097730573664219,0.9603217744803214,0.8775569688901312
478,2021-01-26,0.11618621832876055,0.8838137816712395,8.360071435644025,-0.4297734505799736,-0.3915732933558695
479,2020-06-28,0.10138544947511931,0.8986145505248807,10.11176109118361,1.0254728281446324,0.49587702770068615
480,2020-08-18,0.0,0.0,0.0,0.0,0.0
481,2021-09-20,0.10005262157573173,0.8999473784242683,8.527539483470381,-1.0895158386270078,0.16625854584590488
482,2020-11-18,0.1263340277638395,0.8736659722361606,9.011889433252344,1.017780941759283,0.4462700086991085
483,2020-12-09,0.07915168101994778,0.9208483189800521,9.557893841465354,0.6169393962961356,0.1587280916431136
484,2020-10-09,0.060943620619826167,0.939056379380174,9.034199674257309,-0.3211084975352627,-0.40082959585352584
485,2021-02-25,0.0,0.0,0.0,0.0,0.0
486,2021-04-03,0.14838966396045372,0.8516103360395463,8.830835365537549,0.5483418508200858,0.20055014610489766
487,2020-09-27,0.0701663756182386,0.9298336243817614,9.209940291954844,0.5565356368621113,-0.7494897808220226
488,2021-10-07,0.12499334244931783,0.8750066575506821,8.058643712215618,0.6832245842749786,0.8411447704847378
489,2020-07-23,0.09929858837105206,0.900701411628948,9.042158378735948,0.6506665507827745,1.300892286282723
490,2021-07-14,0.12525091844997055,0.8747490815500295,8.486940148245216,-0.2574883603070446,0.42134701963381194
491,2020-11-26,0.08579548751807281,0.9142045124819271,9.421330367117822,0.3184863156598174,-0.3265321450054117
492,2021-10-26,0.13054095393378295,0.8694590460662172,8.021912778985708,-0.07452828235852842,-0.29851616529997965
493,2020-11-14,0.0,0.0,0.0,0.0,0.0
494,2021-11-13,0.11077149858051283,0.8892285014194871,7.914252278742441,0.4224509297547646,0.29124059575884204
495,2020-07-07,0.08583225054118127,0.9141677494588187,10.104180975012746,-1.2997853295045019,0.22664705268191668
496,2020-08-07,0.0,0.0,0.0,0.0,0.0
497,2021-01-01,0.11157695355667815,0.8884230464433218,9.366745651140318,-0.6848724947869032,0.6084477802234244
498,2021-11-12,0.08274087077472027,0.9172591292252799,7.907283609426348,0.013854123449258713,-0.8988546828418799
499,2021-04-13,0.15650940180393053,0.8434905981960696,8.791638037085997,-0.6490124676718819,0.11662201128197108
500,2020-07-17,0.07632296840941047,0.9236770315905894,10.169230717469155,-0.5609106366240063,-0.18223975861122074
501,2021-09-07,0.0825212520069645,0.9174787479930355,8.892199092039693,0.9339300371382542,0.7912677410791726
502,2020-06-27,0.09063944287804057,0.9093605571219594,10.119445348035613,-0.26546697223560944,-0.21725170519872145
503,2021-06-07,0.14754086852535434,0.8524591314746457,8.478244441277663,-0.04565782490102856,0.406146891587573
504,2020-07-27,0.1015824685181812,0.8984175314818187,9.950227998419942,0.3653309226592582,-0.08588608229188957
505,2020-08-01,0.0,0.0,0.0,0.0,0.0
506,2021-05-31,0.13593443729901292,0.864065562700987,8.20685642839965,-0.6886045272635472,0.6877531368228751
507,2021-08-18,0.1345347193990105,0.8654652806009895,9.033125752550372,-0.9513926432539234,0.15145522731136446
508,2020-10-22,0.0,0.0,0.0,0.0,0.0
509,2020-09-18,0.0,0.0,0.0,0.0,0.0
510,2020-11-05,0.0,0.0,0.0,0.0,0.0
511,2021-09-06,0.120111019461718,0.8798889805382819,8.631235907456897,0.40769425958136407,-2.537282611854981
512,2020-09-06,0.11841582907097402,0.8815841709290261,9.065430200180375,-0.014405345398834117,-0.19146313349119784
513,2020-10-24,0.08218774584734351,0.9178122541526565,9.435322232564033,0.4522114904751511,0.19323553872046922
514,2020-07-25,0.0803514886982366,0.9196485113017634,9.877194910581204,0.0553312004842731,0.923039793774163
515,2020-06-18,0.09139179132016922,0.9086082086798307,9.819834167538875,1.1291305051071172,0.2849850471281387
516,2020-07-11,0.08102134121958877,0.9189786587804113,10.300920488947028,0.5117220125662011,-0.3150030729049005
517,2020-12-25,0.11004781999554876,0.8899521800044512,9.199077179697472,0.12994384084556795,0.8184842201711007
518,2021-07-08,0.11090726454771571,0.8890927354522844,8.71028982137815,0.04910322015585923,0.2818167668468045
519,2021-08-11,0.09180140651942408,0.908198593480576,9.201501423308978,-0.12299298475012393,-0.34236091048907585
520,2020-08-09,0.08018065303183983,0.91981934696816,9.946882234855318,-1.2460426422640933,0.4974733847740939
521,2021-09-18,0.0970609066562005,0.9029390933437995,8.366835309827675,-0.7336060388949133,1.0871239883451176
522,2021-08-05,0.102701425954188,0.8972985740458119,9.18594521514146,-0.13036705318663577,-0.08593762038030671
523,2021-01-18,0.10908656268797741,0.8909134373120225,9.040974526342444,0.44157274128059937,0.42369590038007515
524,2021-02-15,0.0,0.0,0.0,0.0,0.0
525,2020-09-14,0.11629687263436865,0.8837031273656314,9.096947684621092,0.6685488631199281,0.5981870027150883
526,2021-08-01,0.0,0.0,0.0,0.0,0.0
527,2020-09-05,0.1021909433050323,0.8978090566949676,9.119977931895791,-0.38082243803449417,0.07416980460377463
528,2020-07-02,0.0981306435483511,0.9018693564516489,10.202072472350189,-0.0055550702599277725,-0.19741259861456742
529,2021-10-15,0.14684592795212834,0.8531540720478716,7.693937325509272,-0.8872711496004787,0.3080768497768618
